step,P@1,R@1,F1@1,nDCG@1,P@5,R@5,F1@5,nDCG@5,P@10,R@10,F1@10,nDCG@10,P@20,R@20,F1@20,nDCG@20,MAP,MRR,n_queries,k_val,F1@k_val,note
bm25,0.04,0.0214,0.0258,0.04,0.0259,0.0594,0.0331,0.0504,0.0202,0.0892,0.031,0.062,0.0151,0.1321,0.026,0.0752,0.0513,0.0826,625.0,3.0,0.0322,
+ngram,0.0384,0.0224,0.0268,0.0384,0.0272,0.0644,0.0354,0.0544,0.0219,0.1039,0.0344,0.0694,0.0166,0.1471,0.0287,0.0834,0.0557,0.0882,625.0,4.0,0.0374,
+version_norm,0.0384,0.0224,0.0268,0.0384,0.0272,0.0644,0.0354,0.0543,0.0219,0.1039,0.0344,0.0693,0.0166,0.1471,0.0287,0.0833,0.0556,0.0881,625.0,4.0,0.0374,
+zones,0.0384,0.0211,0.0257,0.0384,0.0272,0.0659,0.0358,0.0543,0.0219,0.1033,0.0343,0.0687,0.0166,0.1464,0.0286,0.0828,0.0551,0.0879,625.0,3.0,0.0367,
+code_filter,0.0384,0.0211,0.0257,0.0384,0.0272,0.0659,0.0358,0.0543,0.0219,0.1033,0.0343,0.0687,0.0166,0.1464,0.0286,0.0828,0.0551,0.0879,625.0,3.0,0.0367,
+bridge,0.0352,0.0193,0.0233,0.0352,0.0272,0.0648,0.0356,0.0525,0.0205,0.0986,0.0321,0.0651,0.0162,0.1461,0.0281,0.0804,0.0526,0.0848,625.0,4.0,0.0379,
+authority,0.04,0.0221,0.027,0.04,0.0294,0.0696,0.0386,0.0565,0.0227,0.1076,0.0355,0.0711,0.0174,0.1574,0.0302,0.087,0.0572,0.0893,625.0,3.0,0.0398,
+dense,0.04,0.0221,0.027,0.04,0.0294,0.0696,0.0386,0.0565,0.0227,0.1076,0.0355,0.0711,0.0174,0.1574,0.0302,0.087,0.0572,0.0893,625.0,3.0,0.0398,dense off
+qpp,0.04,0.0221,0.027,0.04,0.0294,0.0696,0.0386,0.0565,0.0227,0.1076,0.0355,0.0711,0.0174,0.1574,0.0302,0.087,0.0572,0.0893,625.0,3.0,0.0398,dense off
+jurisdiction,0.0432,0.0229,0.0282,0.0432,0.0294,0.0712,0.0389,0.0578,0.0235,0.1126,0.0369,0.0738,0.0176,0.1577,0.0304,0.0883,0.0586,0.0921,625.0,3.0,0.0398,dense off
+ltr,0.0432,0.0229,0.0282,0.0432,0.0291,0.0709,0.0386,0.0576,0.0234,0.1124,0.0367,0.0736,0.0174,0.1572,0.0302,0.088,0.0585,0.0919,625.0,3.0,0.0398,dense off
+ltr_short,0.0512,0.0241,0.0307,0.0512,0.0448,0.1004,0.0589,0.0799,0.0315,0.1385,0.0489,0.0948,0.0214,0.1866,0.0369,0.1096,0.076,0.1086,625.0,4.0,0.059,dense off
