step,P@1,R@1,F1@1,nDCG@1,P@5,R@5,F1@5,nDCG@5,P@10,R@10,F1@10,nDCG@10,P@20,R@20,F1@20,nDCG@20,MAP,MRR,n_queries,wrong_hit@10,note
bm25,0.8413,0.8413,0.8413,0.8413,0.1968,0.9841,0.328,0.9211,0.0996,0.996,0.1811,0.925,0.0498,0.996,0.0949,0.925,0.9017,0.9017,252.0,0.0754,
+ngram,0.8413,0.8413,0.8413,0.8413,0.1968,0.9841,0.328,0.9211,0.0996,0.996,0.1811,0.925,0.0498,0.996,0.0949,0.925,0.9017,0.9017,252.0,0.0754,
+version_norm,0.7381,0.7381,0.7381,0.7381,0.1881,0.9405,0.3135,0.8515,0.0992,0.9921,0.1804,0.8687,0.0498,0.996,0.0949,0.8698,0.8293,0.8293,252.0,0.0635,
+zones,0.7381,0.7381,0.7381,0.7381,0.1881,0.9405,0.3135,0.8515,0.0992,0.9921,0.1804,0.8687,0.0498,0.996,0.0949,0.8698,0.8293,0.8293,252.0,0.0635,
+code_filter,0.8214,0.8214,0.8214,0.8214,0.1929,0.9643,0.3214,0.901,0.0996,0.996,0.1811,0.9119,0.05,1.0,0.0952,0.9129,0.8848,0.8848,252.0,0.0,
+bridge,0.8214,0.8214,0.8214,0.8214,0.1929,0.9643,0.3214,0.901,0.0996,0.996,0.1811,0.9119,0.05,1.0,0.0952,0.9129,0.8848,0.8848,252.0,0.0,
+authority,0.8214,0.8214,0.8214,0.8214,0.1929,0.9643,0.3214,0.901,0.0996,0.996,0.1811,0.9119,0.05,1.0,0.0952,0.9129,0.8848,0.8848,252.0,0.0,
+dense,0.8214,0.8214,0.8214,0.8214,0.1929,0.9643,0.3214,0.901,0.0996,0.996,0.1811,0.9119,0.05,1.0,0.0952,0.9129,0.8848,0.8848,252.0,0.0,dense off
+qpp,0.8214,0.8214,0.8214,0.8214,0.1929,0.9643,0.3214,0.901,0.0996,0.996,0.1811,0.9119,0.05,1.0,0.0952,0.9129,0.8848,0.8848,252.0,0.0,dense off
+jurisdiction,0.8214,0.8214,0.8214,0.8214,0.1929,0.9643,0.3214,0.901,0.0996,0.996,0.1811,0.9119,0.05,1.0,0.0952,0.9129,0.8848,0.8848,252.0,0.0,dense off
+ltr,0.8214,0.8214,0.8214,0.8214,0.1929,0.9643,0.3214,0.901,0.0996,0.996,0.1811,0.9119,0.05,1.0,0.0952,0.9129,0.8848,0.8848,252.0,0.0,dense off
+ltr_short,0.8214,0.8214,0.8214,0.8214,0.1929,0.9643,0.3214,0.901,0.0996,0.996,0.1811,0.9119,0.05,1.0,0.0952,0.9129,0.8848,0.8848,252.0,0.0,dense off
