id,answerable,abstained,sentences,supported_rate,version_flags,abstain_precision,abstain_recall,generator
R01,True,False,4,0.75,0,,,
R02,True,False,4,1.0,0,,,
R03,True,False,5,0.8,2,,,
R04,True,False,4,0.25,1,,,
R05,True,False,4,1.0,1,,,
R06,True,False,4,1.0,0,,,
R07,True,False,4,1.0,1,,,
R08,True,False,4,1.0,0,,,
R09,True,False,4,0.75,0,,,
R10,True,False,4,1.0,2,,,
R11,True,False,4,1.0,0,,,
R12,True,False,4,1.0,0,,,
R13,True,False,4,1.0,0,,,
R14,True,False,4,1.0,1,,,
R15,True,False,4,1.0,3,,,
R16,True,False,5,0.6,0,,,
R17,False,True,0,,0,,,
R18,False,False,4,1.0,2,,,
R19,False,False,4,1.0,5,,,
R20,False,False,4,1.0,0,,,
MEAN,,1,,0.903,0.947,1.0,0.25,extractive
