# CRPC -> BNSS correspondence, aligned by text similarity (ingest/align_codes.py) from GSMS-B/indian-legal-mcp (MIT)
crpc_section,bnss_section,relation,note,title
1,1,modified,sim=0.767,"Short title, extent and commencement"
2,2,same,sim=0.831,Definitions
3,3,same,sim=0.824,Construction of references
4,4,modified,sim=0.776,"Trial of offences under Bharatiya Nyaya Sanhita, 2023 and other laws"
5,5,same,sim=0.983,Saving
6,6,same,sim=0.806,Classes of Criminal Courts
7,7,same,sim=0.937,Territorial divisions
9,8,same,sim=0.88,Court of Session
11,9,same,sim=0.98,Courts of Judicial Magistrates
16,9,merge,sim=0.427,Courts of Judicial Magistrates
12,10,same,sim=0.979,"Chief Judicial Magistrate and Additional Chief Judicial Magistrate, etc"
17,10,merge,sim=0.383,"Chief Judicial Magistrate and Additional Chief Judicial Magistrate, etc"
13,11,same,sim=0.94,Special Judicial Magistrates
18,11,merge,sim=0.639,Special Judicial Magistrates
14,12,same,sim=0.932,Local Jurisdiction of Judicial Magistrates
10,13,merge,sim=0.354,Subordination of Judicial Magistrates
15,13,same,sim=0.983,Subordination of Judicial Magistrates
19,13,merge,sim=0.556,Subordination of Judicial Magistrates
20,14,same,sim=0.961,Executive Magistrates
21,15,same,sim=0.912,Special Executive Magistrates
22,16,same,sim=0.943,Local Jurisdiction of Executive
23,17,same,sim=0.904,Subordination of Executive Magistrates
24,18,same,sim=0.926,Public Prosecutors
25,19,same,sim=0.92,Assistant Public Prosecutors
25a,20,same,sim=0.84,Directorate of Prosecution
26,21,same,sim=0.884,Courts by which offences are triable
28,22,same,sim=0.917,Sentences which High Courts and Sessions Judges may pass
29,23,modified,sim=0.79,Sentences which Magistrates may pass
30,24,same,sim=1.0,Sentence of imprisonment in default of fine
31,25,same,sim=0.89,Sentence in cases of conviction of several offences at one trial
32,26,same,sim=0.939,Mode of conferring powers
33,27,same,sim=0.956,Powers of officers appointed
34,28,same,sim=0.979,Withdrawal of powers
35,29,same,sim=0.93,Powers of Judges and Magistrates exercisable by their successors-in office
36,30,same,sim=1.0,Powers of superior officers of police
37,31,same,sim=0.947,Public when to assist Magistrates and police
38,32,same,sim=0.994,"Aid to person, other than police officer, executing warrant"
39,33,modified,sim=0.637,Public to give information of certain offences
40,34,same,sim=0.888,Duty of officers employed in connection with affairs of a village to make certain
41,35,modified,sim=0.756,When police may arrest without warrant
,36,new,sim=0.144,Procedure of arrest and duties of officer making arrest
,37,new,sim=0.245,Designated police officer
,38,new,sim=0.103,Right of arrested person to meet an advocate of his choice during interrogation
42,39,same,sim=0.939,Arrest on refusal to give name and residence
43,40,same,sim=0.954,Arrest by private person and procedure on such arrest
44,41,same,sim=1.0,Arrest by Magistrate
45,42,same,sim=0.948,Protection of members of Armed Forces from arrest
46,43,modified,sim=0.783,Arrest how made
47,44,same,sim=0.992,Search of place entered by person sought to be arrested
48,45,same,sim=1.0,Pursuit of offenders into other jurisdictions
49,46,same,sim=1.0,No unnecessary restraint
50,47,same,sim=1.0,Person arrested to be informed of grounds of arrest and of right to bail
50a,48,same,sim=0.817,"Obligation of person making arrest to inform about arrest, etc., to relative or friend"
51,49,same,sim=0.863,Search of arrested person
52,50,same,sim=0.906,Power to seize offensive weapons
53,51,modified,sim=0.744,Examination of accused by medical practitioner at request of police officer
53a,52,same,sim=0.957,Examination of person accused of rape by medical practitioner
54,53,modified,sim=0.425,Examination of arrested person by medical officer
54a,54,same,sim=0.945,Identification of person arrested
55,55,same,sim=0.976,Procedure when police officer deputes subordinate to arrest without warrant
,56,new,sim=0.118,Health and safety of arrested person
56,57,same,sim=0.934,Person arrested to be taken before Magistrate or officer in charge of police station
57,58,merge,sim=0.417,Person arrested not to be detained more than twenty-four hours
58,58,modified,sim=0.631,Person arrested not to be detained more than twenty-four hours
58,59,same,sim=1.0,Police to report apprehensions
59,60,same,sim=0.895,Discharge of person apprehended
60,61,same,sim=0.857,"Power, on escape, to pursue and retake"
,62,new,sim=0.155,Arrest to be made strictly according to Sanhita
61,63,modified,sim=0.777,Form of summons
62,64,modified,sim=0.796,Summons how served
63,65,modified,sim=0.713,"Service of summons on corporate bodies, firms, and societies"
64,66,same,sim=0.927,Service when persons summoned cannot be found
65,67,same,sim=1.0,Procedure when service cannot be effected as before provided
66,68,same,sim=1.0,Service on Government servant
67,69,same,sim=0.975,Service of summons outside local limits
68,70,same,sim=0.916,Proof of service in such cases and when serving officer not present
69,71,same,sim=0.805,Service of summons on witness
70,72,same,sim=0.982,Form of warrant of arrest and duration
71,73,same,sim=0.99,Power to direct security to be taken
72,74,same,sim=1.0,Warrants to whom directed
73,75,same,sim=1.0,Warrant may be directed to any person
74,76,same,sim=1.0,Warrant directed to police officer
75,77,same,sim=1.0,Notification of substance of warrant
76,78,same,sim=1.0,Person arrested to be brought before Court without delay
77,79,same,sim=1.0,Where warrant may be executed
78,80,same,sim=0.987,Warrant forwarded for execution outside jurisdiction
79,81,same,sim=1.0,Warrant directed to police officer for execution outside jurisdiction
80,82,modified,sim=0.783,Procedure on arrest of person against whom warrant issued
81,83,same,sim=0.982,Procedure by Magistrate before whom such person arrested is brought
82,84,same,sim=0.96,Proclamation for person absconding
83,85,same,sim=0.998,Attachment of property of person absconding
,86,new,sim=0.23,Identification and attachment of property of proclaimed person
84,87,same,sim=1.0,Claims and objections to attachment
85,88,same,sim=1.0,"Release, sale and restoration of attached property"
86,89,same,sim=0.942,Appeal from order rejecting application for restoration of attached property
87,90,same,sim=0.991,"Issue of warrant in lieu of, or in addition to, summons"
88,91,same,sim=0.879,Power to take bond or bail bond for appearance
89,92,same,sim=0.89,Arrest on breach of bond or bail bond for appearance
90,93,same,sim=0.913,Provisions of this Chapter generally applicable to summons and warrants of arrest
91,94,same,sim=0.886,Summons to produce document or other thing
92,95,same,sim=0.827,Procedure as to letters
93,96,same,sim=0.968,When search-warrant may be issued
94,97,same,sim=0.975,"Search of place suspected to contain stolen property, forged documents, etc"
95,98,same,sim=0.94,Power to declare certain publications forfeited and to issue search-warrants for
96,99,same,sim=1.0,Application to High Court to set aside declaration of forfeiture
97,100,same,sim=1.0,Search for persons wrongfully confined
98,101,same,sim=0.925,Power to compel restoration of abducted females
99,102,same,sim=0.967,"Direction, etc., of search-warrants"
100,103,same,sim=0.992,Persons in charge of closed place to allow search
101,104,same,sim=0.959,Disposal of things found in search beyond jurisdiction
,105,new,sim=0.128,Recording of search and seizure through audio-video electronic means
102,106,same,sim=1.0,Power of police officer to seize certain property
105h,107,modified,sim=0.305,"Attachment, forfeiture or restoration of property"
103,108,same,sim=1.0,Magistrate may direct search in his presence
104,109,same,sim=0.976,"Power to impound document, etc., produced"
,110,new,sim=0.249,Reciprocal arrangements regarding processes
105a,111,same,sim=0.991,Definitions
166a,112,same,sim=0.962,Letter of request to competent authority for investigation in a country or place outside
166b,113,same,sim=0.938,Letter of request from a country or place outside India to a Court or an authority for
105b,114,same,sim=0.99,Assistance in securing transfer of persons
105c,115,same,sim=1.0,Assistance in relation to orders of attachment or forfeiture of property
105d,116,same,sim=0.985,Identifying unlawfully acquired property
105e,117,same,sim=1.0,Seizure or attachment of property
105f,118,same,sim=1.0,Management of properties seized or forfeited under this Chapter
105g,119,same,sim=0.982,Notice of forfeiture of property
105h,120,same,sim=0.993,Forfeiture of property in certain cases
105i,121,same,sim=1.0,Fine in lieu of forfeiture
105j,122,same,sim=1.0,Certain transfers to be null and void
105k,123,same,sim=1.0,Procedure in respect of letter of request
105l,124,same,sim=1.0,Application of this Chapter
106,125,same,sim=0.883,Security for keeping peace on conviction
107,126,same,sim=0.86,Security for keeping peace in other cases
108,127,same,sim=0.868,Security for good behaviour from persons disseminating certain matters
109,128,same,sim=0.97,Security for good behaviour from suspected persons
110,129,same,sim=0.918,Security for good behaviour from habitual offenders
111,130,same,sim=0.879,Order to be made
112,131,same,sim=1.0,Procedure in respect of person present in Court
113,132,same,sim=1.0,Summons or warrant in case of person not so present
114,133,same,sim=1.0,Copy of order to accompany summons or warrant
115,134,same,sim=0.978,Power to dispense with personal attendance
116,135,same,sim=0.977,Inquiry as to truth of information
117,136,same,sim=0.949,Order to give security
118,137,same,sim=1.0,Discharge of person informed against
119,138,same,sim=1.0,Commencement of period for which security is required
120,139,same,sim=0.963,Contents of bond
121,140,same,sim=0.978,Power to reject sureties
122,141,same,sim=0.983,Imprisonment in default of security
123,142,same,sim=0.977,Power to release persons imprisoned for failing to give security
124,143,same,sim=0.975,Security for unexpired period of bond
125,144,same,sim=0.968,"Order for maintenance of wives, children and parents"
126,145,same,sim=0.964,Procedure
127,146,same,sim=0.977,Alteration in allowance
128,147,same,sim=0.975,Enforcement of order of maintenance
129,148,same,sim=0.988,Dispersal of assembly by use of civil force
130,149,same,sim=0.955,Use of armed forces to disperse assembly
131,150,same,sim=0.983,Power of certain armed force officers to disperse assembly
132,151,same,sim=0.911,"Protection against prosecution for acts done under sections 148, 149 and 150"
133,152,same,sim=0.977,Conditional order for removal of nuisance
134,153,same,sim=1.0,Service or notification of order
135,154,same,sim=0.874,Person to whom order is addressed to obey or show cause
136,155,modified,sim=0.467,Penalty for failure to comply with section 154
137,156,same,sim=1.0,Procedure where existence of public right is denied
138,157,modified,sim=0.659,Procedure where person against whom order is made under section 152 appears to show
139,158,same,sim=1.0,Power of Magistrate to direct local investigation and examination of an expert
140,159,same,sim=0.968,"Power of Magistrate to furnish written instructions, etc"
141,160,same,sim=0.978,Procedure on order being made absolute and consequences of disobedience
142,161,same,sim=1.0,Injunction pending inquiry
143,162,same,sim=0.815,Magistrate may prohibit repetition or Continuance of public nuisance
144,163,same,sim=0.98,Power to issue order in urgent cases of nuisance or apprehended danger
145,164,same,sim=0.962,Procedure where dispute concerning land or water is likely to cause breach of
146,165,same,sim=0.995,Power to attach subject of dispute and to appoint receiver
147,166,same,sim=0.969,Dispute concerning right of use of land or water
148,167,same,sim=0.982,Local inquiry
149,168,same,sim=1.0,Police to prevent cognizable offences
150,169,same,sim=1.0,Information of design to commit cognizable offences
151,170,same,sim=0.921,Arrest to prevent commission of cognizable offences
152,171,same,sim=0.973,Prevention of injury to public property
,172,new,sim=0.098,Persons bound to conform to lawful directions of police
154,173,same,sim=0.839,Information in cognizable cases
155,174,same,sim=0.943,Information as to non-cognizable cases and investigation of such cases
156,175,modified,sim=0.541,Police officer’s power to investigate cognizable case
157,176,modified,sim=0.797,Procedure for investigation
158,177,same,sim=0.984,Report how submitted
159,178,same,sim=0.933,Power to hold investigation or preliminary inquiry
160,179,same,sim=0.913,Police officer's power to require attendance of witnesses
161,180,same,sim=0.967,Examination of witnesses by police
162,181,modified,sim=0.644,Statements to police and use thereof
163,182,same,sim=0.958,No inducement to be offered
164,183,same,sim=0.939,Recording of confessions and statements
164a,184,same,sim=0.894,Medical examination of victim of rape
165,185,same,sim=0.952,Search by police officer
166,186,same,sim=0.998,When officer in charge of police station may require another to issue search-warrant
167,187,same,sim=0.896,Procedure when investigation cannot be completed in twenty-four hours
168,188,same,sim=1.0,Report of investigation by subordinate police officer
169,189,same,sim=0.939,Release of accused when evidence deficient
170,190,same,sim=0.963,"Cases to be sent to Magistrate, when evidence is sufficient"
171,191,same,sim=0.909,Complainant and witnesses not to be required to accompany police officer and not to be
172,192,modified,sim=0.774,Diary of proceedings in investigation
173,193,same,sim=0.858,Report of police officer on completion of investigation
174,194,same,sim=0.874,"Police to enquire and report on suicide, etc"
175,195,same,sim=0.822,Power to summon persons
176,196,same,sim=0.941,Inquiry by Magistrate into cause of death
177,197,same,sim=0.861,Ordinary place of inquiry and trial
178,198,same,sim=1.0,Place of inquiry or trial
179,199,same,sim=1.0,Offence triable where act is done or consequence ensues
180,200,same,sim=0.964,Place of trial where act is an offence by reason of relation to other offence
181,201,same,sim=0.975,Place of trial in case of certain offences
182,202,modified,sim=0.783,"Offences committed by means of electronic communications, letters, etc"
183,203,same,sim=1.0,Offence committed on journey or voyage
184,204,same,sim=1.0,Place of trial for offences triable together
185,205,same,sim=0.966,Power to order cases to be tried in different sessions divisions
186,206,same,sim=1.0,"High Court to decide, in case of doubt, district where inquiry or trial shall take place"
187,207,same,sim=0.982,Power to issue summons or warrant for offence committed beyond local jurisdiction
188,208,same,sim=0.974,Offence committed outside India
189,209,same,sim=0.961,Receipt of evidence relating to offences committed outside India
190,210,modified,sim=0.795,Cognizance of offences by Magistrate
191,211,same,sim=0.935,Transfer on application of accused
192,212,same,sim=1.0,Making over of cases to Magistrates
193,213,same,sim=0.854,Cognizance of offences by Court of Session
194,214,same,sim=0.917,Additional Sessions Judges to try cases made over to them
195,215,modified,sim=0.645,"Prosecution for contempt of lawful authority of public servants, for offences against public"
,216,new,sim=0.119,"Procedure for witnesses in case of threatening, etc"
196,217,same,sim=0.873,Prosecution for offences against State and for criminal conspiracy to commit such
197,218,same,sim=0.891,Prosecution of Judges and public servants
198,219,same,sim=0.906,Prosecution for offences against marriage
198a,220,modified,sim=0.787,"Prosecution of offences under section 85 of Bharatiya Nyaya Sanhita, 2023"
198b,221,same,sim=0.919,Cognizance of offence
199,222,same,sim=0.938,Prosecution for defamation
200,223,same,sim=0.85,Examination of complainant
201,224,same,sim=0.962,Procedure by Magistrate not competent to take cognizance of case
202,225,same,sim=0.984,Postponement of issue of process
203,226,same,sim=1.0,Dismissal of complaint
204,227,same,sim=0.956,Issue of process
205,228,same,sim=0.973,Magistrate may dispense with personal attendance of accused
206,229,same,sim=0.947,Special summons in cases of petty offence
207,230,same,sim=0.825,Supply to accused of copy of police report and other documents
208,231,same,sim=0.857,Supply of copies of statements and documents to accused in other cases triable by Court of
209,232,same,sim=0.845,Commitment of case to Court of Session when offence is triable exclusively by it
210,233,same,sim=0.922,Procedure to be followed when there is a complaint case and police investigation in respect
211,234,same,sim=0.802,Contents of charge
212,235,same,sim=0.972,"Particulars as to time, place and person"
213,236,modified,sim=0.629,When manner of committing offence must be stated
214,237,same,sim=1.0,Words in charge taken in sense of law under which offence is punishable
215,238,modified,sim=0.617,Effect of errors
216,239,same,sim=0.995,Court may alter charge
217,240,same,sim=0.981,Recall of witnesses when charge altered
218,241,same,sim=0.846,Separate charges for distinct offences
219,242,same,sim=0.892,Offences of same kind within year may be charged together
220,243,modified,sim=0.71,Trial for more than one offence
221,244,modified,sim=0.772,Where it is doubtful what offence has been committed
222,245,same,sim=0.852,When offence proved included in offence charged
223,246,same,sim=0.971,What persons may be charged jointly
224,247,same,sim=1.0,Withdrawal of remaining charges on conviction on one of several charges
225,248,same,sim=1.0,Trial to be conducted by Public Prosecutor
226,249,same,sim=0.963,Opening case for prosecution
227,250,same,sim=0.897,Discharge
228,251,same,sim=0.938,Framing of charge
229,252,same,sim=1.0,Conviction on plea of guilty
241,252,same,sim=0.957,Conviction on plea of guilty
230,253,same,sim=1.0,Date for prosecution evidence
231,254,same,sim=0.851,Evidence for prosecution
232,255,same,sim=1.0,Acquittal
233,256,same,sim=1.0,Entering upon defence
234,257,same,sim=0.943,Arguments
235,258,same,sim=0.814,Judgment of acquittal or conviction
236,259,same,sim=1.0,Previous conviction
237,260,same,sim=0.885,Procedure in cases instituted under sub-section (2) of section 222
238,261,same,sim=1.0,Compliance with section 230
239,262,same,sim=0.847,When accused shall be discharged
240,263,same,sim=0.946,Framing of charge
229,264,same,sim=0.957,Conviction on plea of guilty
241,264,same,sim=1.0,Conviction on plea of guilty
242,265,same,sim=0.895,Evidence for prosecution
243,266,same,sim=0.945,Evidence for defence
244,267,same,sim=1.0,Evidence for prosecution
245,268,same,sim=1.0,When accused shall be discharged
246,269,same,sim=0.919,Procedure where accused is not discharged
247,270,same,sim=0.94,Evidence for defence
248,271,same,sim=1.0,Acquittal or conviction
249,272,same,sim=0.94,Absence of complainant
250,273,same,sim=0.983,Compensation for accusation without reasonable cause
251,274,same,sim=0.859,Substance of accusation to be stated
252,275,same,sim=1.0,Conviction on plea of guilty
253,276,same,sim=0.973,Conviction on plea of guilty in absence of accused in petty cases
254,277,same,sim=0.992,Procedure when not convicted
255,278,same,sim=0.965,Acquittal or conviction
256,279,same,sim=0.949,Non-appearance or death of complainant
257,280,same,sim=1.0,Withdrawal of complaint
258,281,same,sim=1.0,Power to stop proceedings in certain cases
259,282,same,sim=0.866,Power of Court to convert summonscases into warrant-cases
260,283,modified,sim=0.78,Power to try summarily
261,284,same,sim=0.944,Summary trial by Magistrate of second class
262,285,same,sim=0.928,Procedure for summary trials
263,286,same,sim=0.945,Record in summary trials
355,286,merge,sim=0.322,Record in summary trials
264,287,same,sim=1.0,Judgment in cases tried summarily
,288,new,sim=0.283,Language of record and judgment
265a,289,same,sim=0.839,Application of Chapter
265b,290,same,sim=0.965,Application for plea bargaining
265c,291,same,sim=0.976,Guidelines for mutually satisfactory disposition
265d,292,same,sim=0.903,Report of mutually satisfactory disposition to be submitted before Court
265e,293,modified,sim=0.786,Disposal of case
265f,294,same,sim=0.846,Judgment of Court
265g,295,same,sim=0.864,Finality of judgment
265h,296,same,sim=0.922,Power of Court in plea bargaining
265i,297,same,sim=0.926,Period of detention undergone by accused to be set off against sentence of imprisonment
265j,298,same,sim=0.826,Savings
265k,299,same,sim=1.0,Statements of accused not to be used
265l,300,same,sim=0.846,Non-application of Chapter
266,301,same,sim=0.974,Definitions
267,302,same,sim=0.975,Power to require attendance of prisoners
268,303,same,sim=0.809,Power of State Government or Central Government to exclude certain persons from
269,304,same,sim=0.935,Officer in charge of prison to abstain from carrying out order in certain
270,305,same,sim=1.0,Prisoner to be brought to Court in custody
271,306,same,sim=0.915,Power to issue commission for examination of witness in prison
272,307,same,sim=0.961,Language of Courts
273,308,same,sim=0.907,Evidence to be taken in presence of accused
274,309,same,sim=0.804,Record in summonscases and inquiries
275,310,same,sim=0.947,Record in warrant-cases
276,311,same,sim=1.0,Record in trial before Court of Session
277,312,same,sim=0.998,Language of record of evidence
278,313,same,sim=0.976,Procedure in regard to such evidence when completed
279,314,same,sim=0.875,Interpretation of evidence to accused or his advocate
280,315,same,sim=0.955,Remarks respecting demeanour of witness
281,316,same,sim=0.928,Record of examination of accused
282,317,same,sim=1.0,Interpreter to be bound to interpret truthfully
283,318,same,sim=0.966,Record in High Court
284,319,same,sim=0.98,When attendance of witness may be dispensed with and commission issued
285,320,same,sim=0.967,Commission to whom to be issued
286,321,same,sim=0.92,Execution of commissions
287,322,same,sim=0.966,Parties may examine witnesses
288,323,same,sim=0.956,Return of commission
289,324,same,sim=1.0,Adjournment of proceeding
290,325,same,sim=0.993,Execution of foreign commissions
291,326,same,sim=0.984,Deposition of medical witness
291a,327,same,sim=0.946,Identification report of Magistrate
292,328,same,sim=0.88,Evidence of officers of Mint
293,329,same,sim=0.969,Reports of certain Government scientific experts
294,330,same,sim=0.836,No formal proof of certain documents
295,331,same,sim=0.984,Affidavit in proof of conduct of public servants
296,332,same,sim=0.984,Evidence of formal character on affidavit
297,333,same,sim=0.989,Authorities before whom affidavits may be sworn
298,334,same,sim=0.905,Previous conviction or acquittal how proved
299,335,same,sim=1.0,Record of evidence in absence of accused
,336,new,sim=0.165,"Evidence of public servants, experts, police officers in certain cases"
300,337,same,sim=0.856,Person once convicted or acquitted not to be tried for same offence
301,338,same,sim=0.956,Appearance by Public Prosecutors
302,339,same,sim=0.992,Permission to conduct prosecution
303,340,same,sim=0.904,Right of person against whom proceedings are instituted to be defended
304,341,same,sim=0.847,Legal aid to accused at State expense in certain cases
305,342,same,sim=0.988,Procedure when corporation or registered society is an accused
306,343,same,sim=0.969,Tender of pardon to accomplice
307,344,same,sim=1.0,Power to direct tender of pardon
308,345,same,sim=0.996,Trial of person not complying with conditions of pardon
309,346,same,sim=0.935,Power to postpone or adjourn proceedings
310,347,same,sim=1.0,Local inspection
311,348,same,sim=0.893,"Power to summon material witness, or examine person present"
311a,349,modified,sim=0.683,"Power of Magistrate to order person to give specimen signatures or handwriting, etc"
312,350,same,sim=0.811,Expenses of complainants and witnesses
313,351,modified,sim=0.785,Power to examine accused
314,352,same,sim=1.0,Oral arguments and memorandum of arguments
315,353,same,sim=0.981,Accused person to be competent witness
316,354,same,sim=1.0,No influence to be used to induce disclosure
317,355,same,sim=0.895,Provision for inquiries and trial being held in absence of accused in certain cases
,356,new,sim=0.136,"Inquiry, trial or judgment in absentia of proclaimed offender"
318,357,same,sim=0.98,Procedure where accused does not understand proceedings
319,358,same,sim=0.996,Power to proceed against other persons appearing to be guilty of offence
320,359,same,sim=0.904,Compounding of offences
321,360,same,sim=0.829,Withdrawal from prosecution
322,361,same,sim=1.0,Procedure in cases which Magistrate cannot dispose of
323,362,same,sim=0.82,"Procedure when after commencement of inquiry or trial, Magistrate finds case should be"
324,363,same,sim=0.93,"Trial of persons previously convicted of offences against coinage, stamp-law or"
325,364,same,sim=0.881,Procedure when Magistrate cannot pass sentence sufficiently severe
326,365,same,sim=0.95,Conviction or commitment on evidence partly recorded by one Magistrate and partly by
327,366,same,sim=0.961,Court to be open
328,367,modified,sim=0.543,Procedure in case of accused being person of unsound mind
329,368,modified,sim=0.686,Procedure in case of person of unsound mind tried before Court
330,369,modified,sim=0.469,Release of person of unsound mind pending investigation or trial
331,370,same,sim=1.0,Resumption of inquiry or trial
332,371,same,sim=0.994,Procedure on accused appearing before Magistrate or Court
333,372,same,sim=1.0,When accused appears to have been of sound mind
334,373,same,sim=1.0,Judgment of acquittal on ground of unsoundness of mind
335,374,same,sim=0.844,Person acquitted on ground of unsoundness of mind to be detained in safe custody
336,375,same,sim=1.0,Power of State Government to empower officer in charge to discharge
337,376,modified,sim=0.746,Procedure where prisoner of unsound mind is reported capable of making his defence
338,377,modified,sim=0.798,Procedure where person of unsound mind detained is declared fit to be released
339,378,same,sim=0.899,Delivery of person of unsound mind to care of relative or friend
340,379,same,sim=0.99,Procedure in cases mentioned in section 215
341,380,same,sim=1.0,Appeal
342,381,same,sim=1.0,Power to order costs
343,382,same,sim=0.967,Procedure of Magistrate taking cognizance
344,383,same,sim=0.992,Summary procedure for trial for giving false evidence
345,384,same,sim=0.947,Procedure in certain cases of contempt
346,385,same,sim=0.968,Procedure where Court considers that case should not be dealt with under
347,386,same,sim=0.959,When Registrar or Sub-Registrar to be deemed a Civil Court
348,387,same,sim=1.0,Discharge of offender on submission of apology
349,388,same,sim=0.986,Imprisonment or committal of person refusing to answer or produce document
350,389,same,sim=0.954,Summary procedure for punishment for non-attendance by a witness in obedience to
351,390,same,sim=0.938,"Appeals from convictions under sections 383, 384, 388 and 389"
352,391,same,sim=0.877,Certain Judges and Magistrates not to try certain offences when committed before
353,392,same,sim=0.935,Judgment
354,393,same,sim=0.958,Language and contents of judgment
356,394,same,sim=0.931,Order for notifying address of previously convicted offender
357,395,same,sim=1.0,Order to pay compensation
357a,396,same,sim=0.978,Victim compensation scheme
357c,397,same,sim=0.848,Treatment of victims
,398,new,sim=0.136,Witness protection scheme
358,399,same,sim=0.986,Compensation to persons groundlessly arrested
359,400,same,sim=0.953,Order to pay costs in non-cognizable cases
360,401,same,sim=0.982,Order to release on probation of good conduct or after admonition
361,402,same,sim=0.953,Special reasons to be recorded in certain cases
362,403,same,sim=0.984,Court not to alter judgment
363,404,same,sim=0.933,Copy of judgment to be given to accused and other persons
364,405,same,sim=0.955,Judgment when to be translated
365,406,same,sim=1.0,Court of Session to send copy of finding and sentence to District Magistrate
366,407,same,sim=0.983,Sentence of death to be submitted by Court of Session for confirmation
367,408,same,sim=1.0,Power to direct further inquiry to be made or additional evidence to be taken
368,409,same,sim=1.0,Power of High Court to confirm sentence or annul conviction
369,410,same,sim=1.0,Confirmation or new sentence to be signed by two Judges
370,411,same,sim=1.0,Procedure in case of difference of opinion
371,412,same,sim=0.935,Procedure in cases submitted to High Court for confirmation
372,413,modified,sim=0.535,No appeal to lie unless otherwise provided
373,414,same,sim=0.867,Appeal from orders requiring security or refusal to accept or rejecting surety for keeping
374,415,same,sim=0.952,Appeals from convictions
375,416,same,sim=0.949,No appeal in certain cases when accused pleads guilty
376,417,same,sim=0.977,No appeal in petty cases
377,418,same,sim=0.831,Appeal by State Government against sentence
378,419,same,sim=0.974,Appeal in case of acquittal
379,420,same,sim=1.0,Appeal against conviction by High Court in certain cases
380,421,same,sim=0.93,Special right of appeal in certain cases
381,422,same,sim=0.972,Appeal to Court of Session how heard
382,423,same,sim=0.941,Petition of appeal
383,424,same,sim=1.0,Procedure when appellant in jail
384,425,same,sim=0.994,Summary dismissal of appeal
385,426,same,sim=0.966,Procedure for hearing appeals not dismissed summarily
386,427,same,sim=0.853,Powers of Appellate Court
387,428,same,sim=0.951,Judgments of subordinate Appellate Court
388,429,same,sim=0.983,Order of High Court on appeal to be certified to lower Court
389,430,same,sim=0.944,Suspension of sentence pending appeal; release of appellant on bail
390,431,same,sim=1.0,Arrest of accused in appeal from acquittal
391,432,same,sim=0.962,Appellate Court may take further evidence or direct it to be taken
392,433,same,sim=0.937,Procedure where Judges of Court of appeal are equally divided
393,434,same,sim=0.956,Finality of judgments and orders on appeal
394,435,same,sim=0.938,Abatement of appeals
395,436,same,sim=0.927,Reference to High Court
396,437,same,sim=1.0,Disposal of case according to decision of High Court
397,438,same,sim=0.935,Calling for records to exercise powers of revision
398,439,same,sim=0.997,Power to order inquiry
399,440,same,sim=0.983,Sessions Judge's powers of revision
400,441,same,sim=1.0,Power of Additional Sessions Judge
401,442,modified,sim=0.787,High Court's powers of revision
402,443,same,sim=0.99,Power of High Court to withdraw or transfer revision cases
403,444,same,sim=0.919,Option of Court to hear parties
405,445,same,sim=1.0,High Court's order to be certified to lower Court
406,446,same,sim=0.976,Power of Supreme Court to transfer cases and appeals
407,447,same,sim=0.977,Power of High Court to transfer cases and appeals
408,448,same,sim=0.932,Power of Sessions Judge to transfer cases and appeals
409,449,same,sim=0.964,Withdrawal of cases and appeals by Sessions Judges
410,450,same,sim=0.985,Withdrawal of cases by Judicial Magistrates
411,451,same,sim=1.0,Making over or withdrawal of cases by Executive Magistrates
412,452,same,sim=0.916,Reasons to be recorded
413,453,same,sim=1.0,Execution of order passed under section 409
414,454,same,sim=1.0,Execution of sentence of death passed by High Court
415,455,same,sim=0.973,Postponement of execution of sentence of death in case of appeal to Supreme
416,456,modified,sim=0.66,Commutation of sentence of death on pregnant woman
417,457,same,sim=0.945,Power to appoint place of imprisonment
418,458,same,sim=1.0,Execution of sentence of imprisonment
419,459,same,sim=1.0,Direction of warrant for execution
420,460,same,sim=0.929,Warrant with whom to be lodged
421,461,same,sim=0.975,Warrant for levy of fine
422,462,same,sim=1.0,Effect of such warrant
423,463,same,sim=0.856,Warrant for levy of fine issued by a Court in any territory to which this Sanhita does not
424,464,same,sim=0.946,Suspension of execution of sentence of imprisonment
425,465,same,sim=0.952,Who may issue warrant
426,466,same,sim=0.986,Sentence on escaped convict when to take effect
427,467,same,sim=1.0,Sentence on offender already sentenced for another offence
428,468,same,sim=0.935,Period of detention undergone by accused to be set off against sentence of imprisonment
429,469,same,sim=1.0,Saving
430,470,same,sim=1.0,Return of warrant on execution of sentence
431,471,same,sim=0.955,Money ordered to be paid recoverable as a fine
,472,new,sim=0.143,Mercy petition in death sentence cases
432,473,same,sim=0.988,Power to suspend or remit sentences
433,474,same,sim=0.802,Power to commute sentence
433a,475,same,sim=0.946,Restriction on powers of remission or commutation in certain cases
434,476,same,sim=1.0,Concurrent power of Central Government in case of death sentences
435,477,same,sim=0.877,State Government to act after concurrence with Central Government in certain cases
436,478,same,sim=0.928,In what cases bail to be taken
436a,479,modified,sim=0.759,Maximum period for which under trial prisoner can be detained
437,480,same,sim=0.976,When bail may be taken in case of non-bailable offence
,481,new,sim=0.135,Bail to require accused to appear before next Appellate Court
438,482,modified,sim=0.777,Direction for grant of bail to person apprehending arrest
439,483,same,sim=0.931,Special powers of High Court or Court of Session regarding bail
440,484,same,sim=0.993,Amount of bond and reduction thereof
441,485,same,sim=0.961,Bond of accused and sureties
441a,486,same,sim=1.0,Declaration by sureties
442,487,same,sim=0.98,Discharge from custody
443,488,same,sim=1.0,Power to order sufficient bail when that first taken is insufficient
444,489,same,sim=1.0,Discharge of sureties
445,490,same,sim=0.918,Deposit instead of recognizance
446,491,same,sim=0.962,Procedure when bond has been forfeited
446a,492,same,sim=0.971,Cancellation of bond and bail bond
447,493,same,sim=0.976,Procedure in case of insolvency or death of surety or when a bond is forfeited
448,494,modified,sim=0.795,Bond required from child
449,495,same,sim=0.918,Appeal from orders under section 491
450,496,same,sim=1.0,Power to direct levy of amount due on certain recognizances
451,497,modified,sim=0.674,Order for custody and disposal of property pending trial in certain cases
452,498,same,sim=0.971,Order for disposal of property at conclusion of trial
453,499,same,sim=0.971,Payment to innocent purchaser of money found on accused
454,500,same,sim=0.994,Appeal against orders under section 498 or section 499
455,501,same,sim=0.922,Destruction of libellous and other matter
456,502,same,sim=0.975,Power to restore possession of immovable property
457,503,same,sim=0.985,Procedure by police upon seizure of property
458,504,same,sim=0.913,Procedure where no claimant appears within six months
459,505,same,sim=0.969,Power to sell perishable property
460,506,same,sim=1.0,Irregularities which do not vitiate proceedings
461,507,same,sim=0.973,Irregularities which vitiate proceedings
462,508,same,sim=1.0,Proceedings in wrong place
463,509,same,sim=0.961,Non-compliance with provisions of section 183 or section 316
464,510,same,sim=0.991,"Effect of omission to frame, or absence of, or error in, charge"
465,511,same,sim=0.972,"Finding or sentence when reversible by reason of error, omission or irregularity"
466,512,same,sim=0.816,Defect or error not to make attachment unlawful
467,513,same,sim=1.0,Definitions
468,514,same,sim=0.889,Bar to taking cognizance after lapse of period of limitation
469,515,same,sim=0.911,Commencement of period of limitation
470,516,same,sim=0.963,Exclusion of time in certain cases
471,517,modified,sim=0.775,Exclusion of date on which Court is closed
472,518,same,sim=1.0,Continuing offence
473,519,same,sim=0.923,Extension of period of limitation in certain cases
474,520,modified,sim=0.708,Trials before High Courts
475,521,same,sim=0.891,Delivery to commanding officers of persons liable to be tried by Court-martial
476,522,same,sim=1.0,Forms
477,523,same,sim=0.973,Power of High Court to make rules
478,524,same,sim=0.924,Power to alter functions allocated to Executive Magistrate in certain cases
479,525,modified,sim=0.773,Cases in which Judge or Magistrate is personally interested
480,526,modified,sim=0.697,Practising advocate not to sit as Magistrate in certain Courts
481,527,same,sim=0.942,Public servant concerned in sale not to purchase or bid for property
482,528,same,sim=0.853,Saving of inherent powers of High Court
483,529,same,sim=0.892,Duty of High Court to exercise continuous superintendence over Courts
,530,new,sim=0.085,Trial and proceedings to be held in electronic mode
484,531,same,sim=0.871,Repeal and savings
