# IEA -> BSA correspondence, aligned by text similarity (ingest/align_codes.py) from GSMS-B/indian-legal-mcp (MIT)
iea_section,bsa_section,relation,note,title
1,1,modified,sim=0.527,"Short title, application and commencement"
3,2,modified,sim=0.402,Definitions
5,3,modified,sim=0.607,Evidence may be given of facts in issue and relevant facts
6,4,modified,sim=0.641,Relevancy of facts forming part of same transaction
7,5,modified,sim=0.674,"Facts which are occasion, cause or effect of facts in issue or relevant facts"
8,6,modified,sim=0.585,"Motive, preparation and previous or subsequent conduct"
9,7,modified,sim=0.561,Facts necessary to explain or introduce fact in issue or relevant facts
10,8,modified,sim=0.755,Things said or done by conspirator in reference to common design
11,9,modified,sim=0.692,When facts not otherwise relevant become relevant
12,10,same,sim=0.983,Facts tending to enable Court to determine amount are relevant in suits for damages
13,11,same,sim=0.804,Facts relevant when right or custom is in question
14,12,modified,sim=0.536,"Facts showing existence of state of mind, or of body or bodily feeling"
15,13,modified,sim=0.656,Facts bearing on question whether act was accidental or intentional
16,14,modified,sim=0.702,Existence of course of business when relevant
17,15,same,sim=1.0,Admission defined
18,16,same,sim=0.848,Admission by party to proceeding or his agent
19,17,same,sim=0.821,Admissions by persons whose position must be proved as against party to suit
20,18,modified,sim=0.767,Admissions by persons expressly referred to by party to suit
21,19,modified,sim=0.714,"Proof of admissions against persons making them, and by or on their behalf"
22,20,same,sim=1.0,When oral admissions as to contents of documents are relevant
22a,20,merge,sim=0.487,When oral admissions as to contents of documents are relevant
23,21,same,sim=0.862,Admissions in civil cases when relevant
24,22,modified,sim=0.734,"Confession caused by inducement, threat, coercion or promise, when irrelevant in criminal"
28,22,merge,sim=0.399,"Confession caused by inducement, threat, coercion or promise, when irrelevant in criminal"
29,22,merge,sim=0.439,"Confession caused by inducement, threat, coercion or promise, when irrelevant in criminal"
25,23,modified,sim=0.624,Confession to police officer
26,23,merge,sim=0.4,Confession to police officer
27,23,merge,sim=0.505,Confession to police officer
30,24,modified,sim=0.692,Consideration of proved confession affecting person making it and others jointly under trial
31,25,same,sim=0.887,"Admissions not conclusive proof, but may estop"
32,26,modified,sim=0.775,"Cases in which statement of relevant fact by person who is dead or cannot be found, etc., is"
33,27,same,sim=0.851,"Relevancy of certain evidence for proving, in subsequent proceeding, truth of facts therein"
34,28,modified,sim=0.66,Entries in books of account when relevant
35,29,same,sim=1.0,Relevancy of entry in public record or an electronic record made in performance of duty
36,30,same,sim=1.0,"Relevancy of statements in maps, charts and plans"
37,31,modified,sim=0.663,Relevancy of statement as to fact of public nature contained in certain Acts or
38,32,modified,sim=0.788,Relevancy of statements as to any law contained in law books including electronic or digital
39,33,same,sim=0.856,"What evidence to be given when statement forms part of a conversation, document,"
40,34,same,sim=0.968,Previous judgments relevant to bar a second suit or trial
41,35,same,sim=0.978,"Relevancy of certain judgments in probate, etc., jurisdiction"
42,36,modified,sim=0.758,"Relevancy and effect of judgments, orders or decrees, other than those mentioned in"
43,37,modified,sim=0.54,"Judgments, etc., other than those mentioned in sections 34, 35 and 36 when relevant"
44,38,same,sim=0.923,"Fraud or collusion in obtaining judgment, or incompetency of Court, may be proved"
45,39,modified,sim=0.675,Opinions of experts
46,40,modified,sim=0.6,Facts bearing upon opinions of experts
47,41,modified,sim=0.575,"Opinion as to handwriting and signature, when relevant"
47a,41,merge,sim=0.402,"Opinion as to handwriting and signature, when relevant"
48,42,modified,sim=0.651,"Opinion as to existence of general custom or right, when relevant"
49,43,same,sim=0.94,"Opinion as to usages, tenets, etc., when relevant"
50,44,modified,sim=0.619,"Opinion on relationship, when relevant"
51,45,modified,sim=0.774,"Grounds of opinion, when relevant"
52,46,same,sim=0.965,"In civil cases character to prove conduct imputed, irrelevant"
53,47,same,sim=1.0,In criminal cases previous good character relevant
53a,48,same,sim=0.892,Evidence of character or previous sexual experience not relevant in certain cases
54,49,same,sim=0.824,"Previous bad character not relevant, except in reply"
55,50,modified,sim=0.674,Character as affecting damages
56,51,same,sim=0.939,Fact judicially noticeable need not be proved
57,52,modified,sim=0.728,Facts of which Court shall take judicial notice
58,53,same,sim=0.965,Facts admitted need not be proved
59,54,same,sim=0.866,Proof of facts by oral evidence
60,55,same,sim=0.834,Oral evidence to be direct
61,56,same,sim=1.0,Proof of contents of documents
62,57,modified,sim=0.511,Primary evidence
63,58,modified,sim=0.724,Secondary evidence
64,59,same,sim=0.902,Proof of documents by primary evidence
65,60,same,sim=0.936,Cases in which secondary evidence relating to documents may be given
,61,new,sim=0.128,Electronic or digital record
65a,62,same,sim=1.0,Special provisions as to evidence relating to electronic record
65b,63,same,sim=0.859,Admissibility of electronic records
66,64,same,sim=0.974,Rules as to notice to produce
67,65,same,sim=0.91,Proof of signature and handwriting of person alleged to have signed or written document
67a,66,modified,sim=0.652,Proof as to electronic signature
68,67,same,sim=0.998,Proof of execution of document required by law to be attested
69,68,same,sim=0.9,Proof where no attesting witness found
70,69,same,sim=1.0,Admission of execution by party to attested document
71,70,same,sim=0.925,Proof when attesting witness denies execution
72,71,same,sim=0.896,Proof of document not required by law to be attested
73,72,same,sim=1.0,"Comparison of signature, writing or seal with others admitted or proved"
73a,73,same,sim=0.989,Proof as to verification of digital signature
74,74,modified,sim=0.624,Public and private documents
75,74,merge,sim=0.43,Public and private documents
76,75,same,sim=0.92,Certified copies of public documents
77,76,same,sim=1.0,Proof of documents by production of certified copies
78,77,same,sim=0.894,Proof of other official documents
79,78,same,sim=0.943,Presumption as to genuineness of certified copies
80,79,same,sim=0.934,"Presumption as to documents produced as record of evidence, etc"
81,80,modified,sim=0.558,"Presumption as to Gazettes, newspapers, and other documents"
81a,81,modified,sim=0.622,Presumption as to Gazettes in electronic or digital record
83,82,same,sim=1.0,Presumption as to maps or plans made by authority of Government
84,83,same,sim=1.0,Presumption as to collections of laws and reports of decisions
85,84,same,sim=0.809,Presumption as to powers-of-attorney
85a,85,same,sim=0.879,Presumption as to electronic agreements
85b,86,modified,sim=0.792,Presumption as to electronic records and electronic signatures
85c,87,modified,sim=0.779,Presumption as to Electronic Signature Certificates
86,88,same,sim=0.879,Presumption as to certified copies of foreign judicial records
87,89,same,sim=1.0,"Presumption as to books, maps and charts"
88,90,merge,sim=0.513,Presumption as to electronic messages
88a,90,same,sim=1.0,Presumption as to electronic messages
89,91,same,sim=1.0,"Presumption as to due execution, etc., of documents not produced"
90,92,modified,sim=0.759,Presumption as to documents thirty years old
90a,93,same,sim=0.886,Presumption as to electronic records five years old
91,94,modified,sim=0.671,"Evidence of terms of contracts, grants and other dispositions of property reduced to form of"
92,95,modified,sim=0.752,Exclusion of evidence of oral agreement
93,96,modified,sim=0.75,Exclusion of evidence to explain or amend ambiguous document
94,97,modified,sim=0.72,Exclusion of evidence against application of document to existing facts
95,98,modified,sim=0.715,Evidence as to document unmeaning in reference to existing facts
96,99,same,sim=0.818,Evidence as to application of language which can apply to one only of several persons
97,100,modified,sim=0.738,"Evidence as to application of language to one of two sets of facts, to neither of which the"
98,101,modified,sim=0.796,"Evidence as to meaning of illegible characters, etc"
99,102,modified,sim=0.63,Who may give evidence of agreement varying terms of document
100,103,same,sim=0.855,Saving of provisions of Indian Succession Act relating to wills
101,104,same,sim=0.83,Burden of proof
102,105,modified,sim=0.727,On whom burden of proof lies
103,106,same,sim=0.82,Burden of proof as to particular fact
104,107,modified,sim=0.777,Burden of proving fact to be proved to make evidence admissible
105,108,modified,sim=0.685,Burden of proving that case of accused comes within exceptions
106,109,modified,sim=0.732,Burden of proving fact especially within knowledge
107,110,same,sim=1.0,Burden of proving death of person known to have been alive within thirty years
108,111,same,sim=0.991,Burden of proving that person is alive who has not been heard of for seven years
109,112,same,sim=0.917,"Burden of proof as to relationship in the cases of partners, landlord and tenant, principal"
110,113,same,sim=1.0,Burden of proof as to ownership
111,114,same,sim=0.842,Proof of good faith in transactions where one party is in relation of active confidence
111a,115,same,sim=0.945,Presumption as to certain offences
112,116,same,sim=0.976,"Birth during marriage, conclusive proof of legitimacy"
113a,117,same,sim=0.954,Presumption as to abetment of suicide by a married woman
113b,118,same,sim=0.91,Presumption as to dowry death
114,119,modified,sim=0.54,Court may presume existence of certain facts
114a,120,same,sim=0.823,Presumption as to absence of consent in certain prosecution for rape
115,121,modified,sim=0.667,Estoppel
116,122,same,sim=0.931,Estoppel of tenant and of licensee of person in possession
117,123,same,sim=0.864,"Estoppel of acceptor of bill of exchange, bailee or licensee"
118,124,same,sim=0.887,Who may testify
119,125,same,sim=0.99,Witness unable to communicate verbally
120,126,modified,sim=0.689,Competency of husband and wife as witnesses in certain cases
121,127,same,sim=0.803,Judges and Magistrates
122,128,same,sim=1.0,Communications during marriage
123,129,same,sim=1.0,Evidence as to affairs of State
124,130,same,sim=0.931,Official communications
125,131,same,sim=0.856,Information as to commission of offences
126,132,modified,sim=0.704,Professional communications
128,133,same,sim=0.906,Privilege not waived by volunteering evidence
129,134,same,sim=0.854,Confidential communication with legal advisers
130,135,same,sim=0.953,Production of title-deeds of witness not a party
131,136,same,sim=0.867,"Production of documents or electronic records which another person, having possession,"
132,137,same,sim=0.968,Witness not excused from answering on ground that answer will criminate
133,138,same,sim=0.866,Accomplice
134,139,same,sim=1.0,Number of witnesses
135,140,same,sim=0.98,Order of production and examination of witnesses
136,141,same,sim=0.814,Judge to decide as to admissibility of evidence
137,142,modified,sim=0.687,Examination of witnesses
138,143,same,sim=0.978,Order of examinations
139,144,same,sim=0.947,Cross-examination of person called to produce a document
140,145,same,sim=1.0,Witnesses to character
141,146,modified,sim=0.641,Leading questions
142,146,merge,sim=0.543,Leading questions
144,147,same,sim=0.812,Evidence as to matters in writing
145,148,same,sim=0.978,Cross-examination as to previous statements in writing
146,149,same,sim=0.926,Questions lawful in cross-examination
147,150,same,sim=1.0,When witness to be compelled to answer
148,151,same,sim=0.942,Court to decide when question shall be asked and when witness compelled to
149,152,modified,sim=0.627,Question not to be asked without reasonable grounds
150,153,modified,sim=0.755,Procedure of Court in case of question being asked without reasonable
151,154,same,sim=1.0,Indecent and scandalous questions
152,155,same,sim=1.0,Questions intended to insult or annoy
153,156,modified,sim=0.64,Exclusion of evidence to contradict answers to questions testing veracity
154,157,same,sim=0.903,Question by party to his own witness
155,158,modified,sim=0.743,Impeaching credit of witness
156,159,modified,sim=0.752,"Questions tending to corroborate evidence of relevant fact, admissible"
157,160,same,sim=0.874,Former statements of witness may be proved to corroborate later testimony as to
158,161,same,sim=0.911,What matters may be proved in connection with proved statement relevant under
159,162,same,sim=0.959,Refreshing memory
160,163,same,sim=0.835,Testimony to facts stated in document mentioned in section 162
161,164,same,sim=0.971,Right of adverse party as to writing used to refresh memory
162,165,same,sim=0.917,Production of documents
163,166,same,sim=1.0,"Giving, as evidence, of document called for and produced on notice"
164,167,modified,sim=0.736,"Using, as evidence, of document production of which was refused on"
165,168,same,sim=0.919,Judge’s power to put questions or order production
167,169,same,sim=1.0,No new trial for improper admission or rejection of evidence
,170,new,sim=0.107,Repeal and savings
