query_id	doc_id	grade	judge
E9-bnss103_persons_in_charge_of_closed_place_to_allow_searc-crpc	1137396	2	generated
E9-bnss103_persons_in_charge_of_closed_place_to_allow_searc-bnss	bnss:103	2	generated
E9-bnss106_power_of_police_officer_to_seize_certain_propert-crpc	648213	2	generated
E9-bnss106_power_of_police_officer_to_seize_certain_propert-bnss	bnss:106	2	generated
E9-bnss11_special_judicial_magistrates-crpc	1889786	2	generated
E9-bnss11_special_judicial_magistrates-bnss	bnss:11	2	generated
E9-bnss126_security_for_keeping_peace_in_other_cases-crpc	1914745	2	generated
E9-bnss126_security_for_keeping_peace_in_other_cases-bnss	bnss:126	2	generated
E9-bnss129_security_for_good_behaviour_from_habitual_offend-crpc	291822	2	generated
E9-bnss129_security_for_good_behaviour_from_habitual_offend-bnss	bnss:129	2	generated
E9-bnss144_order_for_maintenance_of_wives_children_and_pare-crpc	1056396	2	generated
E9-bnss144_order_for_maintenance_of_wives_children_and_pare-bnss	bnss:144	2	generated
E9-bnss157_procedure_where_person_against_whom_order_is_mad-crpc	1834702	2	generated
E9-bnss157_procedure_where_person_against_whom_order_is_mad-bnss	bnss:157	2	generated
E9-bnss162_magistrate_may_prohibit_repetition_or_continuanc-crpc	872363	2	generated
E9-bnss162_magistrate_may_prohibit_repetition_or_continuanc-bnss	bnss:162	2	generated
E9-bnss163_power_to_issue_order_in_urgent_cases_of_nuisance-crpc	930621	2	generated
E9-bnss163_power_to_issue_order_in_urgent_cases_of_nuisance-bnss	bnss:163	2	generated
E9-bnss164_procedure_where_dispute_concerning_land_or_water-crpc	1405190	2	generated
E9-bnss164_procedure_where_dispute_concerning_land_or_water-bnss	bnss:164	2	generated
E9-bnss165_power_to_attach_subject_of_dispute_and_to_appoin-crpc	1193950	2	generated
E9-bnss165_power_to_attach_subject_of_dispute_and_to_appoin-bnss	bnss:165	2	generated
E9-bnss166_dispute_concerning_right_of_use_of_land_or_water-crpc	1154131	2	generated
E9-bnss166_dispute_concerning_right_of_use_of_land_or_water-bnss	bnss:166	2	generated
E9-bnss167_local_inquiry-crpc	791362	2	generated
E9-bnss167_local_inquiry-bnss	bnss:167	2	generated
E9-bnss168_police_to_prevent_cognizable_offences-crpc	777535	2	generated
E9-bnss168_police_to_prevent_cognizable_offences-bnss	bnss:168	2	generated
E9-bnss170_arrest_to_prevent_commission_of_cognizable_offen-crpc	1228992	2	generated
E9-bnss170_arrest_to_prevent_commission_of_cognizable_offen-bnss	bnss:170	2	generated
E9-bnss173_information_in_cognizable_cases-crpc	1980578	2	generated
E9-bnss173_information_in_cognizable_cases-bnss	bnss:173	2	generated
E9-bnss174_information_as_to_non_cognizable_cases_and_inves-crpc	949418	2	generated
E9-bnss174_information_as_to_non_cognizable_cases_and_inves-bnss	bnss:174	2	generated
E9-bnss175_police_officer_s_power_to_investigate_cognizable-crpc	1291024	2	generated
E9-bnss175_police_officer_s_power_to_investigate_cognizable-bnss	bnss:175	2	generated
E9-bnss176_procedure_for_investigation-crpc	279174	2	generated
E9-bnss176_procedure_for_investigation-bnss	bnss:176	2	generated
E9-bnss180_examination_of_witnesses_by_police-crpc	447673	2	generated
E9-bnss180_examination_of_witnesses_by_police-bnss	bnss:180	2	generated
E9-bnss181_statements_to_police_and_use_thereof-crpc	523607	2	generated
E9-bnss181_statements_to_police_and_use_thereof-bnss	bnss:181	2	generated
E9-bnss183_recording_of_confessions_and_statements-crpc	497457	2	generated
E9-bnss183_recording_of_confessions_and_statements-bnss	bnss:183	2	generated
E9-bnss185_search_by_police_officer-crpc	996365	2	generated
E9-bnss185_search_by_police_officer-bnss	bnss:185	2	generated
E9-bnss187_procedure_when_investigation_cannot_be_completed-crpc	1687975	2	generated
E9-bnss187_procedure_when_investigation_cannot_be_completed-bnss	bnss:187	2	generated
E9-bnss18_public_prosecutors-crpc	1271595	2	generated
E9-bnss18_public_prosecutors-bnss	bnss:18	2	generated
E9-bnss193_report_of_police_officer_on_completion_of_invest-crpc	1412034	2	generated
E9-bnss193_report_of_police_officer_on_completion_of_invest-bnss	bnss:193	2	generated
E9-bnss194_police_to_enquire_and_report_on_suicide_etc-crpc	411677	2	generated
E9-bnss194_police_to_enquire_and_report_on_suicide_etc-bnss	bnss:194	2	generated
E9-bnss197_ordinary_place_of_inquiry_and_trial-crpc	1219882	2	generated
E9-bnss197_ordinary_place_of_inquiry_and_trial-bnss	bnss:197	2	generated
E9-bnss198_place_of_inquiry_or_trial-crpc	1220064	2	generated
E9-bnss198_place_of_inquiry_or_trial-bnss	bnss:198	2	generated
E9-bnss210_cognizance_of_offences_by_magistrate-crpc	686759	2	generated
E9-bnss210_cognizance_of_offences_by_magistrate-bnss	bnss:210	2	generated
E9-bnss213_cognizance_of_offences_by_court_of_session-crpc	1145599	2	generated
E9-bnss213_cognizance_of_offences_by_court_of_session-bnss	bnss:213	2	generated
E9-bnss215_prosecution_for_contempt_of_lawful_authority_of-crpc	621703	2	generated
E9-bnss215_prosecution_for_contempt_of_lawful_authority_of-bnss	bnss:215	2	generated
E9-bnss218_prosecution_of_judges_and_public_servants-crpc	12704	2	generated
E9-bnss218_prosecution_of_judges_and_public_servants-bnss	bnss:218	2	generated
E9-bnss222_prosecution_for_defamation-crpc	27007	2	generated
E9-bnss222_prosecution_for_defamation-bnss	bnss:222	2	generated
E9-bnss223_examination_of_complainant-crpc	444619	2	generated
E9-bnss223_examination_of_complainant-bnss	bnss:223	2	generated
E9-bnss224_procedure_by_magistrate_not_competent_to_take_co-crpc	454689	2	generated
E9-bnss224_procedure_by_magistrate_not_competent_to_take_co-bnss	bnss:224	2	generated
E9-bnss225_postponement_of_issue_of_process-crpc	1149595	2	generated
E9-bnss225_postponement_of_issue_of_process-bnss	bnss:225	2	generated
E9-bnss226_dismissal_of_complaint-crpc	443138	2	generated
E9-bnss226_dismissal_of_complaint-bnss	bnss:226	2	generated
E9-bnss227_issue_of_process-crpc	1827798	2	generated
E9-bnss227_issue_of_process-bnss	bnss:227	2	generated
E9-bnss230_supply_to_accused_of_copy_of_police_report_and_o-crpc	1613898	2	generated
E9-bnss230_supply_to_accused_of_copy_of_police_report_and_o-bnss	bnss:230	2	generated
E9-bnss232_commitment_of_case_to_court_of_session_when_offe-crpc	887219	2	generated
E9-bnss232_commitment_of_case_to_court_of_session_when_offe-bnss	bnss:232	2	generated
E9-bnss250_discharge-crpc	1056165	2	generated
E9-bnss250_discharge-bnss	bnss:250	2	generated
E9-bnss251_framing_of_charge-crpc	411062	2	generated
E9-bnss251_framing_of_charge-bnss	bnss:251	2	generated
E9-bnss255_acquittal-crpc	19163	2	generated
E9-bnss255_acquittal-bnss	bnss:255	2	generated
E9-bnss258_judgment_of_acquittal_or_conviction-crpc	1604716	2	generated
E9-bnss258_judgment_of_acquittal_or_conviction-bnss	bnss:258	2	generated
E9-bnss262_when_accused_shall_be_discharged-crpc	897083	2	generated
E9-bnss262_when_accused_shall_be_discharged-bnss	bnss:262	2	generated
E9-bnss267_evidence_for_prosecution-crpc	1830754	2	generated
E9-bnss267_evidence_for_prosecution-bnss	bnss:267	2	generated
E9-bnss268_when_accused_shall_be_discharged-crpc	1568411	2	generated
E9-bnss268_when_accused_shall_be_discharged-bnss	bnss:268	2	generated
E9-bnss269_procedure_where_accused_is_not_discharged-crpc	1859700	2	generated
E9-bnss269_procedure_where_accused_is_not_discharged-bnss	bnss:269	2	generated
E9-bnss274_substance_of_accusation_to_be_stated-crpc	429078	2	generated
E9-bnss274_substance_of_accusation_to_be_stated-bnss	bnss:274	2	generated
E9-bnss278_acquittal_or_conviction-crpc	1217693	2	generated
E9-bnss278_acquittal_or_conviction-bnss	bnss:278	2	generated
E9-bnss281_power_to_stop_proceedings_in_certain_cases-crpc	729109	2	generated
E9-bnss281_power_to_stop_proceedings_in_certain_cases-bnss	bnss:281	2	generated
E9-bnss28_withdrawal_of_powers-crpc	387648	2	generated
E9-bnss28_withdrawal_of_powers-bnss	bnss:28	2	generated
E9-bnss2_definitions-crpc	760919	2	generated
E9-bnss2_definitions-bnss	bnss:2	2	generated
E9-bnss30_powers_of_superior_officers_of_police-crpc	1013783	2	generated
E9-bnss30_powers_of_superior_officers_of_police-bnss	bnss:30	2	generated
E9-bnss316_record_of_examination_of_accused-crpc	224316	2	generated
E9-bnss316_record_of_examination_of_accused-bnss	bnss:316	2	generated
E9-bnss329_reports_of_certain_government_scientific_experts-crpc	692331	2	generated
E9-bnss329_reports_of_certain_government_scientific_experts-bnss	bnss:329	2	generated
E9-bnss330_no_formal_proof_of_certain_documents-crpc	1086076	2	generated
E9-bnss330_no_formal_proof_of_certain_documents-bnss	bnss:330	2	generated
E9-bnss337_person_once_convicted_or_acquitted_not_to_be_tri-crpc	741791	2	generated
E9-bnss337_person_once_convicted_or_acquitted_not_to_be_tri-bnss	bnss:337	2	generated
E9-bnss339_permission_to_conduct_prosecution-crpc	1983271	2	generated
E9-bnss339_permission_to_conduct_prosecution-bnss	bnss:339	2	generated
E9-bnss344_power_to_direct_tender_of_pardon-crpc	647828	2	generated
E9-bnss344_power_to_direct_tender_of_pardon-bnss	bnss:344	2	generated
E9-bnss346_power_to_postpone_or_adjourn_proceedings-crpc	1645292	2	generated
E9-bnss346_power_to_postpone_or_adjourn_proceedings-bnss	bnss:346	2	generated
E9-bnss348_power_to_summon_material_witness_or_examine_pers-crpc	1780550	2	generated
E9-bnss348_power_to_summon_material_witness_or_examine_pers-bnss	bnss:348	2	generated
E9-bnss351_power_to_examine_accused-crpc	767287	2	generated
E9-bnss351_power_to_examine_accused-bnss	bnss:351	2	generated
E9-bnss353_accused_person_to_be_competent_witness-crpc	615908	2	generated
E9-bnss353_accused_person_to_be_competent_witness-bnss	bnss:353	2	generated
E9-bnss358_power_to_proceed_against_other_persons_appearing-crpc	435819	2	generated
E9-bnss358_power_to_proceed_against_other_persons_appearing-bnss	bnss:358	2	generated
E9-bnss359_compounding_of_offences-crpc	91933	2	generated
E9-bnss359_compounding_of_offences-bnss	bnss:359	2	generated
E9-bnss35_when_police_may_arrest_without_warrant-crpc	1899251	2	generated
E9-bnss35_when_police_may_arrest_without_warrant-bnss	bnss:35	2	generated
E9-bnss362_procedure_when_after_commencement_of_inquiry_or-crpc	770961	2	generated
E9-bnss362_procedure_when_after_commencement_of_inquiry_or-bnss	bnss:362	2	generated
E9-bnss363_trial_of_persons_previously_convicted_of_offence-crpc	267625	2	generated
E9-bnss363_trial_of_persons_previously_convicted_of_offence-bnss	bnss:363	2	generated
E9-bnss365_conviction_or_commitment_on_evidence_partly_reco-crpc	1264755	2	generated
E9-bnss365_conviction_or_commitment_on_evidence_partly_reco-bnss	bnss:365	2	generated
E9-bnss379_procedure_in_cases_mentioned_in_section-crpc	908644	2	generated
E9-bnss379_procedure_in_cases_mentioned_in_section-bnss	bnss:379	2	generated
E9-bnss380_appeal-crpc	661069	2	generated
E9-bnss380_appeal-bnss	bnss:380	2	generated
E9-bnss381_power_to_order_costs-crpc	697591	2	generated
E9-bnss381_power_to_order_costs-bnss	bnss:381	2	generated
E9-bnss388_imprisonment_or_committal_of_person_refusing_to-crpc	1797959	2	generated
E9-bnss388_imprisonment_or_committal_of_person_refusing_to-bnss	bnss:388	2	generated
E9-bnss393_language_and_contents_of_judgment-crpc	1266667	2	generated
E9-bnss393_language_and_contents_of_judgment-bnss	bnss:393	2	generated
E9-bnss395_order_to_pay_compensation-crpc	1705664	2	generated
E9-bnss395_order_to_pay_compensation-bnss	bnss:395	2	generated
E9-bnss3_construction_of_references-crpc	47577	2	generated
E9-bnss3_construction_of_references-bnss	bnss:3	2	generated
E9-bnss401_order_to_release_on_probation_of_good_conduct_or-crpc	755395	2	generated
E9-bnss401_order_to_release_on_probation_of_good_conduct_or-bnss	bnss:401	2	generated
E9-bnss403_court_not_to_alter_judgment-crpc	789330	2	generated
E9-bnss403_court_not_to_alter_judgment-bnss	bnss:403	2	generated
E9-bnss407_sentence_of_death_to_be_submitted_by_court_of_se-crpc	1146308	2	generated
E9-bnss407_sentence_of_death_to_be_submitted_by_court_of_se-bnss	bnss:407	2	generated
E9-bnss413_no_appeal_to_lie_unless_otherwise_provided-crpc	81939	2	generated
E9-bnss413_no_appeal_to_lie_unless_otherwise_provided-bnss	bnss:413	2	generated
E9-bnss415_appeals_from_convictions-crpc	1903086	2	generated
E9-bnss415_appeals_from_convictions-bnss	bnss:415	2	generated
E9-bnss419_appeal_in_case_of_acquittal-crpc	487026	2	generated
E9-bnss419_appeal_in_case_of_acquittal-bnss	bnss:419	2	generated
E9-bnss427_powers_of_appellate_court-crpc	1256523	2	generated
E9-bnss427_powers_of_appellate_court-bnss	bnss:427	2	generated
E9-bnss430_suspension_of_sentence_pending_appeal_release_of-crpc	985477	2	generated
E9-bnss430_suspension_of_sentence_pending_appeal_release_of-bnss	bnss:430	2	generated
E9-bnss432_appellate_court_may_take_further_evidence_or_dir-crpc	782148	2	generated
E9-bnss432_appellate_court_may_take_further_evidence_or_dir-bnss	bnss:432	2	generated
E9-bnss438_calling_for_records_to_exercise_powers_of_revisi-crpc	1457888	2	generated
E9-bnss438_calling_for_records_to_exercise_powers_of_revisi-bnss	bnss:438	2	generated
E9-bnss440_sessions_judge_s_powers_of_revision-crpc	181589	2	generated
E9-bnss440_sessions_judge_s_powers_of_revision-bnss	bnss:440	2	generated
E9-bnss442_high_court_s_powers_of_revision-crpc	1571667	2	generated
E9-bnss442_high_court_s_powers_of_revision-bnss	bnss:442	2	generated
E9-bnss444_option_of_court_to_hear_parties-crpc	803870	2	generated
E9-bnss444_option_of_court_to_hear_parties-bnss	bnss:444	2	generated
E9-bnss446_power_of_supreme_court_to_transfer_cases_and_app-crpc	664789	2	generated
E9-bnss446_power_of_supreme_court_to_transfer_cases_and_app-bnss	bnss:446	2	generated
E9-bnss457_power_to_appoint_place_of_imprisonment-crpc	1791573	2	generated
E9-bnss457_power_to_appoint_place_of_imprisonment-bnss	bnss:457	2	generated
E9-bnss460_warrant_with_whom_to_be_lodged-crpc	1099980	2	generated
E9-bnss460_warrant_with_whom_to_be_lodged-bnss	bnss:460	2	generated
E9-bnss467_sentence_on_offender_already_sentenced_for_anoth-crpc	1326470	2	generated
E9-bnss467_sentence_on_offender_already_sentenced_for_anoth-bnss	bnss:467	2	generated
E9-bnss468_period_of_detention_undergone_by_accused_to_be_s-crpc	914361	2	generated
E9-bnss468_period_of_detention_undergone_by_accused_to_be_s-bnss	bnss:468	2	generated
E9-bnss473_power_to_suspend_or_remit_sentences-crpc	1464506	2	generated
E9-bnss473_power_to_suspend_or_remit_sentences-bnss	bnss:473	2	generated
E9-bnss478_in_what_cases_bail_to_be_taken-crpc	770661	2	generated
E9-bnss478_in_what_cases_bail_to_be_taken-bnss	bnss:478	2	generated
E9-bnss480_when_bail_may_be_taken_in_case_of_non_bailable_o-crpc	848468	2	generated
E9-bnss480_when_bail_may_be_taken_in_case_of_non_bailable_o-bnss	bnss:480	2	generated
E9-bnss482_direction_for_grant_of_bail_to_person_apprehendi-crpc	1783708	2	generated
E9-bnss482_direction_for_grant_of_bail_to_person_apprehendi-bnss	bnss:482	2	generated
E9-bnss483_special_powers_of_high_court_or_court_of_session-crpc	1290514	2	generated
E9-bnss483_special_powers_of_high_court_or_court_of_session-bnss	bnss:483	2	generated
E9-bnss497_order_for_custody_and_disposal_of_property_pendi-crpc	768169	2	generated
E9-bnss497_order_for_custody_and_disposal_of_property_pendi-bnss	bnss:497	2	generated
E9-bnss498_order_for_disposal_of_property_at_conclusion_of-crpc	1289794	2	generated
E9-bnss498_order_for_disposal_of_property_at_conclusion_of-bnss	bnss:498	2	generated
E9-bnss4_trial_of_offences_under_bharatiya_nyaya_sanhita-crpc	1329373	2	generated
E9-bnss4_trial_of_offences_under_bharatiya_nyaya_sanhita-bnss	bnss:4	2	generated
E9-bnss503_procedure_by_police_upon_seizure_of_property-crpc	239420	2	generated
E9-bnss503_procedure_by_police_upon_seizure_of_property-bnss	bnss:503	2	generated
E9-bnss511_finding_or_sentence_when_reversible_by_reason_of-crpc	338903	2	generated
E9-bnss511_finding_or_sentence_when_reversible_by_reason_of-bnss	bnss:511	2	generated
E9-bnss513_definitions-crpc	286506	2	generated
E9-bnss513_definitions-bnss	bnss:513	2	generated
E9-bnss514_bar_to_taking_cognizance_after_lapse_of_period_o-crpc	1599077	2	generated
E9-bnss514_bar_to_taking_cognizance_after_lapse_of_period_o-bnss	bnss:514	2	generated
E9-bnss517_exclusion_of_date_on_which_court_is_closed-crpc	1590825	2	generated
E9-bnss517_exclusion_of_date_on_which_court_is_closed-bnss	bnss:517	2	generated
E9-bnss528_saving_of_inherent_powers_of_high_court-crpc	1679850	2	generated
E9-bnss528_saving_of_inherent_powers_of_high_court-bnss	bnss:528	2	generated
E9-bnss5_saving-crpc	1007660	2	generated
E9-bnss5_saving-bnss	bnss:5	2	generated
E9-bnss7_territorial_divisions-crpc	1737367	2	generated
E9-bnss7_territorial_divisions-bnss	bnss:7	2	generated
E9-bnss84_proclamation_for_person_absconding-crpc	1598801	2	generated
E9-bnss84_proclamation_for_person_absconding-bnss	bnss:84	2	generated
E9-bnss85_attachment_of_property_of_person_absconding-crpc	886456	2	generated
E9-bnss85_attachment_of_property_of_person_absconding-bnss	bnss:85	2	generated
E9-bnss94_summons_to_produce_document_or_other_thing-crpc	788840	2	generated
E9-bnss94_summons_to_produce_document_or_other_thing-bnss	bnss:94	2	generated
E9-bsa104_burden_of_proof-iea	147127	2	generated
E9-bsa104_burden_of_proof-bsa	bsa:104	2	generated
E9-bsa105_on_whom_burden_of_proof_lies-iea	1505766	2	generated
E9-bsa105_on_whom_burden_of_proof_lies-bsa	bsa:105	2	generated
E9-bsa106_burden_of_proof_as_to_particular_fact-iea	192696	2	generated
E9-bsa106_burden_of_proof_as_to_particular_fact-bsa	bsa:106	2	generated
E9-bsa108_burden_of_proving_that_case_of_accused_comes_wit-iea	429611	2	generated
E9-bsa108_burden_of_proving_that_case_of_accused_comes_wit-bsa	bsa:108	2	generated
E9-bsa109_burden_of_proving_fact_especially_within_knowled-iea	697566	2	generated
E9-bsa109_burden_of_proving_fact_especially_within_knowled-bsa	bsa:109	2	generated
E9-bsa117_presumption_as_to_abetment_of_suicide_by_a_marri-iea	294349	2	generated
E9-bsa117_presumption_as_to_abetment_of_suicide_by_a_marri-bsa	bsa:117	2	generated
E9-bsa118_presumption_as_to_dowry_death-iea	1906	2	generated
E9-bsa118_presumption_as_to_dowry_death-bsa	bsa:118	2	generated
E9-bsa119_court_may_presume_existence_of_certain_facts-iea	731516	2	generated
E9-bsa119_court_may_presume_existence_of_certain_facts-bsa	bsa:119	2	generated
E9-bsa11_facts_relevant_when_right_or_custom_is_in_questi-iea	808094	2	generated
E9-bsa11_facts_relevant_when_right_or_custom_is_in_questi-bsa	bsa:11	2	generated
E9-bsa122_estoppel_of_tenant_and_of_licensee_of_person_in-iea	20238	2	generated
E9-bsa122_estoppel_of_tenant_and_of_licensee_of_person_in-bsa	bsa:122	2	generated
E9-bsa129_evidence_as_to_affairs_of_state-iea	208203	2	generated
E9-bsa129_evidence_as_to_affairs_of_state-bsa	bsa:129	2	generated
E9-bsa12_facts_showing_existence_of_state_of_mind_or_of_b-iea	1352526	2	generated
E9-bsa12_facts_showing_existence_of_state_of_mind_or_of_b-bsa	bsa:12	2	generated
E9-bsa139_number_of_witnesses-iea	838383	2	generated
E9-bsa139_number_of_witnesses-bsa	bsa:139	2	generated
E9-bsa143_order_of_examinations-iea	937129	2	generated
E9-bsa143_order_of_examinations-bsa	bsa:143	2	generated
E9-bsa144_cross_examination_of_person_called_to_produce_a-iea	334170	2	generated
E9-bsa144_cross_examination_of_person_called_to_produce_a-bsa	bsa:144	2	generated
E9-bsa148_cross_examination_as_to_previous_statements_in_w-iea	1110615	2	generated
E9-bsa148_cross_examination_as_to_previous_statements_in_w-bsa	bsa:148	2	generated
E9-bsa157_question_by_party_to_his_own_witness-iea	1646837	2	generated
E9-bsa157_question_by_party_to_his_own_witness-bsa	bsa:157	2	generated
E9-bsa15_admission_defined-iea	430855	2	generated
E9-bsa15_admission_defined-bsa	bsa:15	2	generated
E9-bsa160_former_statements_of_witness_may_be_proved_to_co-iea	1002421	2	generated
E9-bsa160_former_statements_of_witness_may_be_proved_to_co-bsa	bsa:160	2	generated
E9-bsa164_right_of_adverse_party_as_to_writing_used_to_ref-iea	357596	2	generated
E9-bsa164_right_of_adverse_party_as_to_writing_used_to_ref-bsa	bsa:164	2	generated
E9-bsa165_production_of_documents-iea	1762984	2	generated
E9-bsa165_production_of_documents-bsa	bsa:165	2	generated
E9-bsa168_judge_s_power_to_put_questions_or_order_producti-iea	302809	2	generated
E9-bsa168_judge_s_power_to_put_questions_or_order_producti-bsa	bsa:168	2	generated
E9-bsa19_proof_of_admissions_against_persons_making_them-iea	1712157	2	generated
E9-bsa19_proof_of_admissions_against_persons_making_them-bsa	bsa:19	2	generated
E9-bsa22_confession_caused_by_inducement_threat_coercion-iea	967059	2	generated
E9-bsa22_confession_caused_by_inducement_threat_coercion-bsa	bsa:22	2	generated
E9-bsa23_confession_to_police_officer-iea	1312051	2	generated
E9-bsa23_confession_to_police_officer-iea	387768	2	generated
E9-bsa23_confession_to_police_officer-iea	494844	2	generated
E9-bsa23_confession_to_police_officer-bsa	bsa:23	2	generated
E9-bsa24_consideration_of_proved_confession_affecting_per-iea	1974480	2	generated
E9-bsa24_consideration_of_proved_confession_affecting_per-bsa	bsa:24	2	generated
E9-bsa26_cases_in_which_statement_of_relevant_fact_by_per-iea	1959734	2	generated
E9-bsa26_cases_in_which_statement_of_relevant_fact_by_per-bsa	bsa:26	2	generated
E9-bsa27_relevancy_of_certain_evidence_for_proving_in_sub-iea	800773	2	generated
E9-bsa27_relevancy_of_certain_evidence_for_proving_in_sub-bsa	bsa:27	2	generated
E9-bsa28_entries_in_books_of_account_when_relevant-iea	94346	2	generated
E9-bsa28_entries_in_books_of_account_when_relevant-bsa	bsa:28	2	generated
E9-bsa29_relevancy_of_entry_in_public_record_or_an_electr-iea	1034981	2	generated
E9-bsa29_relevancy_of_entry_in_public_record_or_an_electr-bsa	bsa:29	2	generated
E9-bsa2_definitions-iea	1031309	2	generated
E9-bsa2_definitions-bsa	bsa:2	2	generated
E9-bsa34_previous_judgments_relevant_to_bar_a_second_suit-iea	103053	2	generated
E9-bsa34_previous_judgments_relevant_to_bar_a_second_suit-bsa	bsa:34	2	generated
E9-bsa35_relevancy_of_certain_judgments_in_probate_etc_ju-iea	1038208	2	generated
E9-bsa35_relevancy_of_certain_judgments_in_probate_etc_ju-bsa	bsa:35	2	generated
E9-bsa37_judgments_etc_other_than_those_mentioned_in_sect-iea	43650	2	generated
E9-bsa37_judgments_etc_other_than_those_mentioned_in_sect-bsa	bsa:37	2	generated
E9-bsa38_fraud_or_collusion_in_obtaining_judgment_or_inco-iea	1326950	2	generated
E9-bsa38_fraud_or_collusion_in_obtaining_judgment_or_inco-bsa	bsa:38	2	generated
E9-bsa39_opinions_of_experts-iea	1025384	2	generated
E9-bsa39_opinions_of_experts-bsa	bsa:39	2	generated
E9-bsa3_evidence_may_be_given_of_facts_in_issue_and_rele-iea	94717	2	generated
E9-bsa3_evidence_may_be_given_of_facts_in_issue_and_rele-bsa	bsa:3	2	generated
E9-bsa41_opinion_as_to_handwriting_and_signature_when_rel-iea	1463645	2	generated
E9-bsa41_opinion_as_to_handwriting_and_signature_when_rel-bsa	bsa:41	2	generated
E9-bsa44_opinion_on_relationship_when_relevant-iea	1610983	2	generated
E9-bsa44_opinion_on_relationship_when_relevant-bsa	bsa:44	2	generated
E9-bsa4_relevancy_of_facts_forming_part_of_same_transact-iea	1536853	2	generated
E9-bsa4_relevancy_of_facts_forming_part_of_same_transact-bsa	bsa:4	2	generated
E9-bsa55_oral_evidence_to_be_direct-iea	1681167	2	generated
E9-bsa55_oral_evidence_to_be_direct-bsa	bsa:55	2	generated
E9-bsa58_secondary_evidence-iea	1456410	2	generated
E9-bsa58_secondary_evidence-bsa	bsa:58	2	generated
E9-bsa60_cases_in_which_secondary_evidence_relating_to_do-iea	487818	2	generated
E9-bsa60_cases_in_which_secondary_evidence_relating_to_do-bsa	bsa:60	2	generated
E9-bsa63_admissibility_of_electronic_records-iea	35556724	2	generated
E9-bsa63_admissibility_of_electronic_records-bsa	bsa:63	2	generated
E9-bsa64_rules_as_to_notice_to_produce-iea	850939	2	generated
E9-bsa64_rules_as_to_notice_to_produce-bsa	bsa:64	2	generated
E9-bsa65_proof_of_signature_and_handwriting_of_person_all-iea	884542	2	generated
E9-bsa65_proof_of_signature_and_handwriting_of_person_all-bsa	bsa:65	2	generated
E9-bsa67_proof_of_execution_of_document_required_by_law_t-iea	63662	2	generated
E9-bsa67_proof_of_execution_of_document_required_by_law_t-bsa	bsa:67	2	generated
E9-bsa6_motive_preparation_and_previous_or_subsequent_co-iea	482978	2	generated
E9-bsa6_motive_preparation_and_previous_or_subsequent_co-bsa	bsa:6	2	generated
E9-bsa72_comparison_of_signature_writing_or_seal_with_oth-iea	770022	2	generated
E9-bsa72_comparison_of_signature_writing_or_seal_with_oth-bsa	bsa:72	2	generated
E9-bsa74_public_and_private_documents-iea	1227984	2	generated
E9-bsa74_public_and_private_documents-bsa	bsa:74	2	generated
E9-bsa84_presumption_as_to_powers_of_attorney-iea	200772	2	generated
E9-bsa84_presumption_as_to_powers_of_attorney-bsa	bsa:84	2	generated
E9-bsa8_things_said_or_done_by_conspirator_in_reference-iea	1946503	2	generated
E9-bsa8_things_said_or_done_by_conspirator_in_reference-bsa	bsa:8	2	generated
E9-bsa92_presumption_as_to_documents_thirty_years_old-iea	1507394	2	generated
E9-bsa92_presumption_as_to_documents_thirty_years_old-bsa	bsa:92	2	generated
E9-bsa94_evidence_of_terms_of_contracts_grants_and_other-iea	205529	2	generated
E9-bsa94_evidence_of_terms_of_contracts_grants_and_other-bsa	bsa:94	2	generated
E9-bsa95_exclusion_of_evidence_of_oral_agreement-iea	1790262	2	generated
E9-bsa95_exclusion_of_evidence_of_oral_agreement-bsa	bsa:95	2	generated
E9-bsa9_when_facts_not_otherwise_relevant_become_relevan-iea	1067003	2	generated
E9-bsa9_when_facts_not_otherwise_relevant_become_relevan-bsa	bsa:9	2	generated
