step,P@1,R@1,F1@1,nDCG@1,P@5,R@5,F1@5,nDCG@5,P@10,R@10,F1@10,nDCG@10,P@20,R@20,F1@20,nDCG@20,MAP,MRR,n_queries,k_val,F1@k_val,note
bm25,0.1997,0.1088,0.1312,0.1997,0.1128,0.2718,0.1479,0.2326,0.0805,0.3701,0.1251,0.2703,0.0543,0.4702,0.0934,0.3035,0.2196,0.3159,626.0,2.0,0.1511,
+ngram,0.4329,0.2334,0.2823,0.4329,0.2121,0.4747,0.2696,0.4448,0.1315,0.5624,0.1993,0.4762,0.0788,0.6442,0.1336,0.5038,0.409,0.5482,626.0,2.0,0.3057,
+version_norm,0.4329,0.2334,0.2823,0.4329,0.2121,0.4747,0.2696,0.4448,0.1315,0.5624,0.1993,0.4762,0.0788,0.6442,0.1336,0.5038,0.409,0.5482,626.0,2.0,0.3057,
+zones,0.4329,0.2334,0.2823,0.4329,0.2121,0.4747,0.2696,0.4448,0.1315,0.5624,0.1993,0.4762,0.0788,0.6442,0.1336,0.5038,0.409,0.5482,626.0,2.0,0.3057,
+code_filter,0.4329,0.2334,0.2823,0.4329,0.2121,0.4747,0.2696,0.4448,0.1315,0.5624,0.1993,0.4762,0.0788,0.6442,0.1336,0.5038,0.409,0.5482,626.0,2.0,0.3057,
+bridge,0.4281,0.2274,0.2759,0.4281,0.1936,0.4444,0.2478,0.4183,0.1232,0.5392,0.1874,0.4523,0.0734,0.6135,0.1247,0.4773,0.3826,0.5373,626.0,2.0,0.2833,
+authority,0.4297,0.229,0.2775,0.4297,0.1958,0.4481,0.2505,0.422,0.124,0.5439,0.1888,0.4562,0.0746,0.6209,0.1268,0.4826,0.3868,0.54,626.0,2.0,0.2865,
+dense,0.4297,0.229,0.2775,0.4297,0.1958,0.4481,0.2505,0.422,0.124,0.5439,0.1888,0.4562,0.0746,0.6209,0.1268,0.4826,0.3868,0.54,626.0,2.0,0.2865,dense off
+qpp,0.4297,0.229,0.2775,0.4297,0.1958,0.4481,0.2505,0.422,0.124,0.5439,0.1888,0.4562,0.0746,0.6209,0.1268,0.4826,0.3868,0.54,626.0,2.0,0.2865,dense off
+jurisdiction,0.4297,0.2278,0.2765,0.4297,0.1987,0.4546,0.2542,0.4254,0.1252,0.547,0.1906,0.4586,0.0748,0.6233,0.1272,0.4845,0.3884,0.5411,626.0,2.0,0.2888,dense off
+ltr,0.4505,0.2354,0.288,0.4505,0.2166,0.4902,0.2773,0.4557,0.1291,0.5664,0.1973,0.4817,0.0772,0.6399,0.1312,0.5073,0.4137,0.5595,626.0,2.0,0.3084,dense off
+ltr_short,0.4505,0.2354,0.288,0.4505,0.2166,0.4902,0.2773,0.4557,0.1291,0.5664,0.1973,0.4817,0.0772,0.6399,0.1312,0.5073,0.4137,0.5595,626.0,2.0,0.3084,dense off
