set,system,queries,P@1,R@1,F1@1,nDCG@1,P@5,R@5,F1@5,nDCG@5,P@10,R@10,F1@10,nDCG@10,P@20,R@20,F1@20,nDCG@20,MAP,MRR,n_queries,k_val,F1@k_val,wrong_hit@10,P@5_en,P@5_hi,P@5_hinglish,binding_share@5,code_accuracy@1
e2_collision,baseline,252,0.8413,0.8413,0.8413,0.8413,0.1968,0.9841,0.328,0.9211,0.0996,0.996,0.1811,0.925,0.0498,0.996,0.0949,0.925,0.9017,0.9017,252.0,,,0.0754,,,,,
e2_collision,full,252,0.8214,0.8214,0.8214,0.8214,0.1929,0.9643,0.3214,0.901,0.0996,0.996,0.1811,0.9119,0.05,1.0,0.0952,0.9129,0.8848,0.8848,252.0,,,0.0,,,,,
e3_cross_version,baseline,49,0.0204,0.0014,0.0026,0.0204,0.0082,0.0027,0.0041,0.0113,0.0041,0.0027,0.0033,0.0073,0.0082,0.0197,0.0098,0.0134,0.0057,0.0364,49.0,,,,,,,,
e3_cross_version,full,49,0.6735,0.1401,0.2237,0.6735,0.5796,0.5293,0.503,0.6691,0.4367,0.6936,0.472,0.7129,0.3061,0.8428,0.3922,0.7572,0.6547,0.807,49.0,,,,,,,,
e3_control,baseline,49,0.6327,0.1357,0.2154,0.6327,0.4327,0.3896,0.3691,0.5315,0.351,0.5774,0.3854,0.5846,0.2602,0.7538,0.3392,0.6444,0.5028,0.7438,49.0,,,,,,,,
e3_control,full,49,0.7959,0.1623,0.2584,0.7959,0.7061,0.626,0.5991,0.8157,0.502,0.7667,0.5334,0.8259,0.3296,0.8823,0.4204,0.8451,0.7687,0.8835,49.0,,,,,,,,
e8_procedure_cross_version,baseline,62,0.0161,0.0023,0.004,0.0161,0.0032,0.0023,0.0027,0.0055,0.0016,0.0023,0.0019,0.0044,0.0024,0.0157,0.0041,0.0091,0.0047,0.0234,62.0,,,,,,,,
e8_procedure_cross_version,full,62,0.7903,0.2427,0.3547,0.7903,0.4581,0.6009,0.4716,0.6845,0.3161,0.785,0.4045,0.7361,0.1992,0.9115,0.295,0.7772,0.6535,0.8441,62.0,,,,,,,,
e8_procedure_control,baseline,62,0.5968,0.1845,0.2706,0.5968,0.3258,0.4623,0.3527,0.5002,0.2145,0.5642,0.2845,0.5301,0.1315,0.6396,0.2002,0.5565,0.4262,0.7024,62.0,,,,,,,,
e8_procedure_control,full,62,0.8065,0.2481,0.3628,0.8065,0.4581,0.6007,0.4714,0.6891,0.321,0.7888,0.4087,0.7441,0.1984,0.9103,0.294,0.7817,0.6601,0.8522,62.0,,,,,,,,
e9_procedure_temporal,baseline,342,0.3889,0.3889,0.3889,0.3889,0.1842,0.9172,0.3065,0.698,0.0962,0.9561,0.1747,0.711,0.049,0.9737,0.0932,0.7156,0.6301,0.63,342.0,,,,,,,,
e9_procedure_temporal,full,342,0.7865,0.7846,0.7851,0.7865,0.1912,0.9503,0.318,0.8791,0.098,0.9737,0.1779,0.8866,0.0494,0.9825,0.0941,0.8887,0.8587,0.8589,342.0,,,,,,,,
e4_multilingual,baseline,150,0.2867,0.2383,0.2524,0.2867,0.1347,0.5117,0.2059,0.4147,0.0847,0.6233,0.1456,0.4531,0.048,0.715,0.0888,0.4779,0.3947,0.4184,150.0,,,,0.132,0.132,0.14,,
e4_multilingual,full,150,0.38,0.3117,0.3313,0.38,0.152,0.57,0.2318,0.4826,0.0887,0.6483,0.1523,0.508,0.0513,0.7617,0.0949,0.5369,0.461,0.4864,150.0,,,,0.152,0.144,0.16,,
e6_jurisdiction,baseline,40,0.3,0.0131,0.0242,0.25,0.34,0.0796,0.1225,0.3185,0.41,0.1928,0.2426,0.3665,0.345,0.3094,0.2973,0.3658,0.2778,0.5644,40.0,,,,,,,0.935,
e6_jurisdiction,full,40,0.8,0.0464,0.0866,0.75,0.675,0.1724,0.2608,0.6718,0.675,0.354,0.4352,0.6568,0.5938,0.586,0.5447,0.6915,0.6295,0.9,40.0,,,,,,,0.925,
e7_temporal,baseline,200,0.415,0.4117,0.4125,0.415,0.201,0.9131,0.3242,0.7068,0.109,0.957,0.1928,0.7239,0.056,0.9795,0.105,0.7304,0.6446,0.6436,200.0,,,,,,,,0.475
e7_temporal,full,200,0.825,0.781,0.7932,0.825,0.221,0.9733,0.3526,0.9047,0.112,0.982,0.1981,0.9079,0.0563,0.9845,0.1055,0.9088,0.8799,0.8887,200.0,,,,,,,,0.955
e1_ilpcsr,baseline,627,0.1997,0.1088,0.1312,0.1997,0.1128,0.2718,0.1479,0.2326,0.0805,0.3701,0.1251,0.2703,0.0543,0.4702,0.0934,0.3035,0.2196,0.3159,626.0,2.0,0.1511,,,,,,
e1_ilpcsr,ilpcsr_bm25_3gram,627,0.4329,0.2334,0.2823,0.4329,0.2121,0.4747,0.2696,0.4448,0.1315,0.5624,0.1993,0.4762,0.0788,0.6442,0.1336,0.5038,0.409,0.5482,626.0,2.0,0.3057,,,,,,
e1_ilpcsr,full,627,0.4505,0.2354,0.288,0.4505,0.2166,0.4902,0.2773,0.4557,0.1291,0.5664,0.1973,0.4817,0.0772,0.6399,0.1312,0.5073,0.4137,0.5595,626.0,2.0,0.3084,,,,,,
e1q_ilpcsr_short,baseline,626,0.04,0.0214,0.0258,0.04,0.0259,0.0594,0.0331,0.0504,0.0202,0.0892,0.031,0.062,0.0151,0.1321,0.026,0.0752,0.0513,0.0826,625.0,3.0,0.0322,,,,,,
e1q_ilpcsr_short,ilpcsr_bm25_3gram,626,0.0368,0.0211,0.0255,0.0368,0.0221,0.0534,0.0295,0.0452,0.0176,0.0846,0.0278,0.0572,0.0138,0.1233,0.024,0.0699,0.0457,0.076,625.0,3.0,0.0307,,,,,,
e1q_ilpcsr_short,full,626,0.0432,0.0229,0.0282,0.0432,0.0291,0.0709,0.0386,0.0576,0.0234,0.1124,0.0367,0.0736,0.0174,0.1572,0.0302,0.088,0.0585,0.0919,625.0,3.0,0.0398,,,,,,
e1s_ilpcsr_statutes,baseline,627,0.1898,0.0754,0.0976,0.1898,0.1021,0.1729,0.1142,0.1753,0.0702,0.221,0.0972,0.1909,0.0452,0.2727,0.0728,0.209,0.1488,0.2807,627.0,4.0,0.1178,,,,,,
e1s_ilpcsr_statutes,ilpcsr_bm25_3gram,627,0.3062,0.104,0.1407,0.3062,0.1416,0.2022,0.1482,0.238,0.0837,0.2339,0.1117,0.2369,0.0493,0.2765,0.0782,0.2504,0.1848,0.3841,627.0,2.0,0.1702,,,,,,
e1s_ilpcsr_statutes,full,627,0.3923,0.1254,0.1719,0.3923,0.1595,0.2338,0.1682,0.2759,0.0976,0.2809,0.1312,0.2786,0.0594,0.3477,0.0946,0.2993,0.2202,0.449,627.0,2.0,0.1889,,,,,,
