set,a,b,metric,queries,mean_a,mean_b,diff,ci_low,ci_high,wins,losses,p,p_holm,significant
e1_ilpcsr,baseline,full,AP,626,0.2196,0.4137,0.1941,0.1715,0.2163,435,85,0.0001,0.0043,yes
e1_ilpcsr,baseline,full,nDCG@10,626,0.2703,0.4817,0.2114,0.1885,0.2343,380,51,0.0001,0.0043,yes
e1_ilpcsr,ilpcsr_bm25_3gram,full,AP,626,0.409,0.4137,0.0047,-0.0051,0.0145,196,200,0.33677,1.0,no
e1_ilpcsr,ilpcsr_bm25_3gram,full,nDCG@10,626,0.4762,0.4817,0.0055,-0.0036,0.0146,143,135,0.23428,1.0,no
e1q_ilpcsr_short,baseline,full,AP,625,0.0513,0.0585,0.0072,-0.0018,0.0163,182,170,0.11679,1.0,no
e1q_ilpcsr_short,baseline,full,nDCG@10,625,0.062,0.0736,0.0116,0.0007,0.0225,75,62,0.038,0.494,no
e1q_ilpcsr_short,ilpcsr_bm25_3gram,full,AP,625,0.0457,0.0585,0.0128,0.0073,0.0183,213,82,0.0001,0.0043,yes
e1q_ilpcsr_short,ilpcsr_bm25_3gram,full,nDCG@10,625,0.0572,0.0736,0.0163,0.0092,0.0237,76,32,0.0001,0.0043,yes
e1s_ilpcsr_statutes,baseline,full,AP,627,0.1488,0.2202,0.0714,0.0547,0.0882,343,139,0.0001,0.0043,yes
e1s_ilpcsr_statutes,baseline,full,nDCG@10,627,0.1909,0.2786,0.0877,0.0694,0.1062,243,75,0.0001,0.0043,yes
e1s_ilpcsr_statutes,ilpcsr_bm25_3gram,full,AP,627,0.1848,0.2202,0.0354,0.0279,0.0434,353,67,0.0001,0.0043,yes
e1s_ilpcsr_statutes,ilpcsr_bm25_3gram,full,nDCG@10,627,0.2369,0.2786,0.0417,0.0331,0.0507,181,45,0.0001,0.0043,yes
e2_collision,baseline,full,AP,252,0.9017,0.8848,-0.0169,-0.0397,0.0049,15,28,0.13259,1.0,no
e2_collision,baseline,full,nDCG@10,252,0.925,0.9119,-0.0131,-0.0306,0.004,15,28,0.13699,1.0,no
e3_cross_version,baseline,full,AP,49,0.0057,0.6547,0.649,0.5833,0.7131,49,0,0.0001,0.0043,yes
e3_cross_version,baseline,full,nDCG@10,49,0.0073,0.7129,0.7056,0.6366,0.7699,49,0,0.0001,0.0043,yes
e3_control,baseline,full,AP,49,0.5028,0.7687,0.2658,0.2055,0.3257,45,3,0.0001,0.0043,yes
e3_control,baseline,full,nDCG@10,49,0.5846,0.8259,0.2413,0.1765,0.3104,44,4,0.0001,0.0043,yes
e8_procedure_cross_version,baseline,full,AP,62,0.0047,0.6535,0.6487,0.5837,0.7101,62,0,0.0001,0.0043,yes
e8_procedure_cross_version,baseline,full,nDCG@10,62,0.0044,0.7361,0.7317,0.6699,0.7897,61,0,0.0001,0.0043,yes
e8_procedure_control,baseline,full,AP,62,0.4262,0.6601,0.2339,0.1949,0.2748,56,3,0.0001,0.0043,yes
e8_procedure_control,baseline,full,nDCG@10,62,0.5301,0.7441,0.214,0.1677,0.2643,53,1,0.0001,0.0043,yes
e9_procedure_temporal,baseline,full,AP,342,0.6301,0.8587,0.2286,0.2027,0.2556,188,3,0.0001,0.0043,yes
e9_procedure_temporal,baseline,full,nDCG@10,342,0.711,0.8866,0.1756,0.1558,0.196,181,3,0.0001,0.0043,yes
e4_multilingual,baseline,full,AP,150,0.3947,0.461,0.0663,0.0459,0.0882,77,0,0.0001,0.0043,yes
e4_multilingual,baseline,full,nDCG@10,150,0.4531,0.508,0.0549,0.0377,0.0729,50,0,0.0001,0.0043,yes
e6_jurisdiction,baseline,full,AP,40,0.2778,0.6295,0.3516,0.2807,0.4255,36,4,0.0001,0.0043,yes
e6_jurisdiction,baseline,full,nDCG@10,40,0.3665,0.6568,0.2904,0.2036,0.3779,33,7,0.0001,0.0043,yes
e7_temporal,baseline,full,AP,200,0.6446,0.8799,0.2353,0.2011,0.2702,108,0,0.0001,0.0043,yes
e7_temporal,baseline,full,nDCG@10,200,0.7239,0.9079,0.184,0.158,0.2106,108,0,0.0001,0.0043,yes
e1_ilpcsr,bm25,+ngram,AP,626,0.2196,0.409,0.1894,0.166,0.2132,431,89,0.0001,0.0043,yes
e1_ilpcsr,+ngram,+version_norm,AP,626,0.409,0.409,0.0,0.0,0.0,0,0,1.0,1.0,no
e1_ilpcsr,+version_norm,+zones,AP,626,0.409,0.409,0.0,0.0,0.0,0,0,1.0,1.0,no
e1_ilpcsr,+zones,+code_filter,AP,626,0.409,0.409,0.0,0.0,0.0,0,0,1.0,1.0,no
e1_ilpcsr,+code_filter,+bridge,AP,626,0.409,0.3826,-0.0263,-0.0361,-0.0167,82,319,0.0001,0.0043,yes
e1_ilpcsr,+bridge,+authority,AP,626,0.3826,0.3868,0.0042,0.0018,0.0069,123,125,0.0004,0.0056,yes
e1_ilpcsr,+authority,+dense,AP,626,0.3868,0.3868,0.0,0.0,0.0,0,0,1.0,1.0,no
e1_ilpcsr,+dense,+qpp,AP,626,0.3868,0.3868,0.0,0.0,0.0,0,0,1.0,1.0,no
e1_ilpcsr,+qpp,+jurisdiction,AP,626,0.3868,0.3884,0.0016,-0.0007,0.0034,86,49,0.12029,1.0,no
e1_ilpcsr,+jurisdiction,+ltr,AP,626,0.3884,0.4137,0.0253,0.013,0.0375,265,148,0.0001,0.0043,yes
e1_ilpcsr,+ltr,+ltr_short,AP,626,0.4137,0.4137,0.0,0.0,0.0,0,0,1.0,1.0,no
e3 (IPC vs BNS wording),baseline: IPC wording,baseline: BNS wording,AP,49,0.5028,0.0057,-0.4971,-0.5609,-0.4348,0,49,0.0001,0.0043,yes
e3 (IPC vs BNS wording),full: IPC wording,full: BNS wording,AP,49,0.7687,0.6547,-0.1139,-0.1542,-0.0774,5,33,0.0001,0.0043,yes
