unit_id	doc_id	grade
murder_conviction	102153	1
murder_conviction	1037935	1
murder_conviction	1046645	1
murder_conviction	1053935	1
murder_conviction	1056564	1
murder_conviction	1060754	1
murder_conviction	1064706	1
murder_conviction	1072623	1
murder_conviction	107929320	1
murder_conviction	1088258	1
murder_conviction	110794538	1
murder_conviction	1120373	1
murder_conviction	1150284	1
murder_conviction	1157915	1
murder_conviction	117134	1
murder_conviction	1179103	1
murder_conviction	118703205	1
murder_conviction	1207713	1
murder_conviction	1210284	1
murder_conviction	1213298	1
murder_conviction	1214222	1
murder_conviction	1258127	1
murder_conviction	1271338	1
murder_conviction	1309719	1
murder_conviction	1328822	1
murder_conviction	1339608	1
murder_conviction	1347962	1
murder_conviction	137330	1
murder_conviction	1379924	1
murder_conviction	1380511	1
murder_conviction	1422914	0
murder_conviction	1424480	1
murder_conviction	1445643	1
murder_conviction	1484588	1
murder_conviction	1506749	1
murder_conviction	151017642	1
murder_conviction	1515744	1
murder_conviction	1521687	1
murder_conviction	1522913	0
murder_conviction	152464	1
murder_conviction	153654	1
murder_conviction	15386	1
murder_conviction	153963412	1
murder_conviction	1596139	1
murder_conviction	1673242	1
murder_conviction	1683212	1
murder_conviction	1761214	0
murder_conviction	1770494	1
murder_conviction	1789800	0
murder_conviction	1829378	1
murder_conviction	1892414	0
murder_conviction	1903081	1
murder_conviction	1923361	1
murder_conviction	1949246	1
murder_conviction	1958014	0
murder_conviction	197643	1
murder_conviction	1995089	1
murder_conviction	1996721	1
murder_conviction	213150	1
murder_conviction	239250	1
murder_conviction	256823	1
murder_conviction	288555	1
murder_conviction	296025	1
murder_conviction	307495	1
murder_conviction	313314	1
murder_conviction	320833	1
murder_conviction	33955999	1
murder_conviction	346377	1
murder_conviction	384160	1
murder_conviction	402211	1
murder_conviction	406841	1
murder_conviction	410114	0
murder_conviction	42851	1
murder_conviction	44360	1
murder_conviction	44660839	1
murder_conviction	489802	1
murder_conviction	496676	1
murder_conviction	545610	1
murder_conviction	584340	1
murder_conviction	596272	1
murder_conviction	605891	1
murder_conviction	61901185	1
murder_conviction	632204	1
murder_conviction	651601	1
murder_conviction	65416911	0
murder_conviction	655831	0
murder_conviction	65700	1
murder_conviction	662142	1
murder_conviction	673120	1
murder_conviction	683472	0
murder_conviction	69555787	1
murder_conviction	746065	1
murder_conviction	7496	1
murder_conviction	770422	1
murder_conviction	777448	1
murder_conviction	800569	0
murder_conviction	807023	1
murder_conviction	808611	1
murder_conviction	831184	1
murder_conviction	836557	1
murder_conviction	836678	1
murder_conviction	838495	1
murder_conviction	845834	1
murder_conviction	924340	1
murder_conviction	927539	1
murder_conviction	955616	1
murder_conviction	976160	1
murder_conviction	99578	0
cheque_bounce	100995424	1
cheque_bounce	110986	1
cheque_bounce	117583148	1
cheque_bounce	1197446	1
cheque_bounce	122663958	1
cheque_bounce	1293509	1
cheque_bounce	1318985	1
cheque_bounce	1322448	1
cheque_bounce	1327587	1
cheque_bounce	1327885	1
cheque_bounce	141554145	1
cheque_bounce	143232225	1
cheque_bounce	1438532	1
cheque_bounce	144941788	1
cheque_bounce	1486400	1
cheque_bounce	150051	1
cheque_bounce	1502090	1
cheque_bounce	157736723	1
cheque_bounce	1594211	1
cheque_bounce	1623811	1
cheque_bounce	162382342	1
cheque_bounce	163989025	1
cheque_bounce	1699144	0
cheque_bounce	172347645	1
cheque_bounce	186040901	1
cheque_bounce	193064100	0
cheque_bounce	196056806	1
cheque_bounce	1981864	1
cheque_bounce	263997	1
cheque_bounce	27311191	1
cheque_bounce	27480510	1
cheque_bounce	315991	1
cheque_bounce	3576912	1
cheque_bounce	363129	0
cheque_bounce	37104678	1
cheque_bounce	372711	1
cheque_bounce	441929	1
cheque_bounce	46332145	1
cheque_bounce	46469285	1
cheque_bounce	47822110	1
cheque_bounce	47858029	1
cheque_bounce	499876	1
cheque_bounce	529907	1
cheque_bounce	59606615	1
cheque_bounce	635335	1
cheque_bounce	692276	1
cheque_bounce	72775263	1
cheque_bounce	77590271	1
cheque_bounce	82687574	1
cheque_bounce	8322296	1
cheque_bounce	975556	1
cheque_bounce	979235	1
quash_fir	1012138	1
quash_fir	103100	1
quash_fir	1084013	1
quash_fir	1186914	1
quash_fir	120130	1
quash_fir	1232610	1
quash_fir	127041521	0
quash_fir	1271780	1
quash_fir	1282121	1
quash_fir	1337239	1
quash_fir	1364215	1
quash_fir	1369545	0
quash_fir	138575974	1
quash_fir	142419	1
quash_fir	1429052	1
quash_fir	1474198	1
quash_fir	1484899	1
quash_fir	149247382	0
quash_fir	1506133	1
quash_fir	1546207	1
quash_fir	1587798	1
quash_fir	1604724	1
quash_fir	1620927	0
quash_fir	1654416	1
quash_fir	1689510	1
quash_fir	169522737	1
quash_fir	1844186	1
quash_fir	1915525	1
quash_fir	1958014	1
quash_fir	266365	1
quash_fir	288555	1
quash_fir	361339	1
quash_fir	444095	1
quash_fir	469138	0
quash_fir	484465	1
quash_fir	513644	1
quash_fir	58980482	1
quash_fir	60342456	1
quash_fir	618763	1
quash_fir	6857629	1
quash_fir	710099	1
quash_fir	7293093	0
quash_fir	811682	0
quash_fir	812449	1
quash_fir	838466	1
quash_fir	844480	1
quash_fir	884513	1
quash_fir	89372902	1
quash_fir	9130815	1
quash_fir	93674074	1
cruelty_498a	1067439	1
cruelty_498a	108888974	0
cruelty_498a	1100461	1
cruelty_498a	1120620	1
cruelty_498a	1172674	1
cruelty_498a	1207713	1
cruelty_498a	125470413	1
cruelty_498a	1263837	1
cruelty_498a	1291791	1
cruelty_498a	1466771	0
cruelty_498a	14713882	1
cruelty_498a	1521945	1
cruelty_498a	158682633	1
cruelty_498a	169522737	1
cruelty_498a	1907093	1
cruelty_498a	1919674	0
cruelty_498a	1929966	0
cruelty_498a	229273	1
cruelty_498a	296025	1
cruelty_498a	2982624	1
cruelty_498a	307495	1
cruelty_498a	337402	1
cruelty_498a	3629606	1
cruelty_498a	437533	1
cruelty_498a	46704	1
cruelty_498a	584340	1
cruelty_498a	60202	1
cruelty_498a	624175	1
cruelty_498a	672002	1
cruelty_498a	79307099	1
cruelty_498a	97331	1
attempt_murder	108931933	1
attempt_murder	110794538	1
attempt_murder	1213298	1
attempt_murder	1271338	1
attempt_murder	1380511	1
attempt_murder	160278245	1
attempt_murder	1894967	1
attempt_murder	197643	1
attempt_murder	1995089	1
attempt_murder	203168	1
attempt_murder	212245	1
attempt_murder	256823	0
attempt_murder	260856	0
attempt_murder	268959	1
attempt_murder	307021	0
attempt_murder	313314	1
attempt_murder	410114	0
attempt_murder	42851	0
attempt_murder	440197	1
attempt_murder	44360	1
attempt_murder	456959	1
attempt_murder	489802	1
attempt_murder	557175	0
attempt_murder	622480	0
attempt_murder	63817	0
attempt_murder	67143	1
attempt_murder	69949024	1
attempt_murder	770422	0
attempt_murder	800569	0
attempt_murder	831184	1
attempt_murder	891681	1
cheating_420	103100	1
cheating_420	1092705	1
cheating_420	127380	1
cheating_420	130470	0
cheating_420	1322875	1
cheating_420	1335621	0
cheating_420	1354059	1
cheating_420	1361495	1
cheating_420	1614118	1
cheating_420	163607850	1
cheating_420	169522737	0
cheating_420	1699144	1
cheating_420	174882335	1
cheating_420	186107198	1
cheating_420	1956673	0
cheating_420	395248	0
cheating_420	39679	0
cheating_420	409057	1
cheating_420	511635	1
cheating_420	63027348	1
cheating_420	69949024	1
cheating_420	843923	1
cheating_420	853800	1
cheating_420	891864	1
cheating_420	968643	1
cheating_420	980208	0
abet_suicide	1067439	1
abet_suicide	1232610	0
abet_suicide	1291791	0
abet_suicide	1303576	1
abet_suicide	1375607	1
abet_suicide	1521945	0
abet_suicide	166329624	1
abet_suicide	1844186	0
abet_suicide	1929966	1
abet_suicide	229273	1
abet_suicide	239250	1
abet_suicide	296025	1
abet_suicide	337402	1
abet_suicide	393648	1
abet_suicide	520263	1
abet_suicide	60202	1
abet_suicide	672002	1
abet_suicide	850589	1
abet_suicide	97331	1
rape_376	1040991	1
rape_376	1046545	0
rape_376	1100330	1
rape_376	1200711	0
rape_376	120726166	0
rape_376	1314858	1
rape_376	1328822	1
rape_376	1339608	1
rape_376	146987	1
rape_376	151452209	0
rape_376	1675266	1
rape_376	1732998	1
rape_376	1983165	1
rape_376	199575	0
rape_376	207774	1
rape_376	366037	0
rape_376	519978	0
rape_376	642436	1
rape_376	89010014	0
rape_376	89372902	1
rape_376	905384	0
rash_driving	130157945	0
rash_driving	1629750	1
rash_driving	1686371	1
rash_driving	176232166	0
rash_driving	1881874	1
rash_driving	317609	1
rash_driving	371583	1
rash_driving	535129	0
rash_driving	55297	1
rash_driving	69994712	0
rash_driving	79026890	1
rash_driving	812822	1
rash_driving	836797	1
rash_driving	871062	1
rash_driving	942972	0
rash_driving	97604604	0
motor_claims	1093372	1
motor_claims	1114723	0
motor_claims	1183848	0
motor_claims	1198914	0
motor_claims	1407348	1
motor_claims	145027354	1
motor_claims	1520376	1
motor_claims	1541798	0
motor_claims	159201923	0
motor_claims	165064572	1
motor_claims	168907050	1
motor_claims	173872201	0
motor_claims	1827019	0
motor_claims	190580	0
motor_claims	1907288	1
motor_claims	1934965	1
motor_claims	1997644	0
motor_claims	484625	0
motor_claims	712469	0
motor_claims	794650	1
motor_claims	837924	1
motor_claims	86908489	1
motor_claims	97604604	1
